PRAGMA foreign_keys=OFF;
BEGIN TRANSACTION;
CREATE TABLE IF NOT EXISTS "users" (
    "id" TEXT NOT NULL PRIMARY KEY,
    "email" TEXT NOT NULL,
    "username" TEXT NOT NULL,
    "passwordHash" TEXT NOT NULL,
    "displayName" TEXT,
    "avatar" TEXT,
    "storyProgress" JSONB,
    "highestUnlocked" INTEGER NOT NULL DEFAULT 1,
    "totalFreeplayWins" INTEGER NOT NULL DEFAULT 0,
    "bestFreeplayScore" INTEGER NOT NULL DEFAULT 0,
    "totalStoryLevelsCompleted" INTEGER NOT NULL DEFAULT 0,
    "averageStoryCompletionTime" REAL,
    "totalStoryTime" INTEGER NOT NULL DEFAULT 0,
    "emailVerified" BOOLEAN NOT NULL DEFAULT false,
    "createdAt" DATETIME NOT NULL DEFAULT CURRENT_TIMESTAMP,
    "updatedAt" DATETIME NOT NULL
);
INSERT INTO users VALUES('cmf7amknl0000cuzfouuf6qib','vinny@email.com','vinny','$2b$12$LUgqQke4LE3uDyyXWvReD.5nOWpgTu53GB.fzuD5y7KIR7E1rrrtK','Vie',NULL,'{"1":{"completed":true,"stars":3,"bestSteps":7,"bestTime":5,"completedAt":"2025-09-06T00:24:12.138Z"},"2":{"completed":true,"stars":3,"bestSteps":9,"bestTime":7,"completedAt":"2025-09-06T00:44:08.366Z"},"3":{"completed":true,"stars":3,"bestSteps":11,"bestTime":6,"completedAt":"2025-09-06T00:52:45.226Z"},"4":{"completed":true,"stars":3,"bestSteps":9,"bestTime":7,"completedAt":"2025-09-06T01:04:29.476Z"},"5":{"completed":true,"stars":3,"bestSteps":7,"bestTime":4,"completedAt":"2025-09-06T01:06:07.717Z"},"6":{"completed":true,"stars":3,"bestSteps":15,"bestTime":8,"completedAt":"2025-09-06T01:06:27.285Z"},"7":{"completed":true,"stars":3,"bestSteps":7,"bestTime":7,"completedAt":"2025-09-06T01:21:00.003Z"},"8":{"completed":true,"stars":3,"bestSteps":11,"bestTime":6,"completedAt":"2025-09-06T01:21:07.729Z"},"9":{"completed":true,"stars":3,"bestSteps":9,"bestTime":7,"completedAt":"2025-09-06T03:24:48.655Z"},"10":{"completed":true,"stars":3,"bestSteps":18,"bestTime":11,"completedAt":"2025-09-06T03:25:02.084Z"},"11":{"completed":true,"stars":3,"bestSteps":15,"bestTime":12,"completedAt":"2025-09-06T03:29:30.781Z"}}',12,0,0,11,NULL,0,0,1757104457745,1757129370782);
INSERT INTO users VALUES('cmf7m72on0000vm2qxjnk4yp0','verlin@gmail.com','verlin','$2b$12$GIqCv1xdYkK6M9QtJsTow.V0rKoWwn.KfPT/rpTYpu0EIKyg0OLBe','Ver',NULL,'{"1":{"completed":true,"stars":3,"bestSteps":7,"bestTime":4,"completedAt":"2025-09-06T02:11:59.335Z"},"2":{"completed":true,"stars":3,"bestSteps":9,"bestTime":4,"completedAt":"2025-09-06T02:12:05.251Z"},"3":{"completed":true,"stars":3,"bestSteps":11,"bestTime":5,"completedAt":"2025-09-06T02:12:11.834Z"},"4":{"completed":true,"stars":3,"bestSteps":9,"bestTime":4,"completedAt":"2025-09-06T02:12:17.379Z"},"5":{"completed":true,"stars":3,"bestSteps":7,"bestTime":4,"completedAt":"2025-09-06T02:12:22.680Z"},"6":{"completed":true,"stars":3,"bestSteps":16,"bestTime":6,"completedAt":"2025-09-06T02:12:29.865Z"}}',7,0,0,6,NULL,0,0,1757123890007,1757124749866);
INSERT INTO users VALUES('cmf7okoqq0000vm86suxker58','yuuki@gmail.com','yuuki','$2b$12$m0F/v9hdx.VtYv36h6lmke4P0EB7ZI7Ar8a/zczOroPNdc5FEZwvm','Yuuki',NULL,'{}',1,0,0,0,NULL,0,0,1757127884353,1757127884650);
CREATE TABLE IF NOT EXISTS "game_sessions" (
    "id" TEXT NOT NULL PRIMARY KEY,
    "userId" TEXT,
    "playerName" TEXT,
    "gameMode" TEXT NOT NULL DEFAULT 'FREEPLAY',
    "difficulty" TEXT,
    "startTime" DATETIME NOT NULL DEFAULT CURRENT_TIMESTAMP,
    "endTime" DATETIME,
    "timeLimit" INTEGER,
    "status" TEXT NOT NULL DEFAULT 'PLAYING',
    "puzzlesCompleted" INTEGER NOT NULL DEFAULT 0,
    "totalSteps" INTEGER NOT NULL DEFAULT 0,
    "roundsUsed" INTEGER NOT NULL DEFAULT 0,
    "score" INTEGER,
    "starsEarned" INTEGER,
    "timeToComplete" INTEGER,
    "currentPuzzle" JSONB,
    "currentPosition" JSONB,
    "helperUsage" JSONB,
    "storyLevel" INTEGER,
    "createdAt" DATETIME NOT NULL DEFAULT CURRENT_TIMESTAMP,
    CONSTRAINT "game_sessions_userId_fkey" FOREIGN KEY ("userId") REFERENCES "users" ("id") ON DELETE SET NULL ON UPDATE CASCADE
);
INSERT INTO game_sessions VALUES('cmf7ifrzq0001curxl2hz551t','cmf7amknl0000cuzfouuf6qib','Vie','FREEPLAY','EASY',1757117577591,NULL,180,'ABANDONED',0,0,0,NULL,NULL,NULL,'{"mainMap":[[{"type":1,"obstacle":"grass"},0,0,3,0],[{"type":1,"obstacle":"tree"},0,0,{"type":1,"obstacle":"tree"},0],[0,0,0,{"type":1,"obstacle":"tree"},0],[2,0,{"type":1,"obstacle":"wall"},0,0],[0,0,0,{"type":1,"obstacle":"wall"},0]],"mirroredMap":[[0,3,0,0,{"type":1,"obstacle":"tree"}],[0,{"type":1,"obstacle":"tree"},0,0,{"type":1,"obstacle":"tree"}],[0,{"type":1,"obstacle":"grass"},0,0,0],[0,0,{"type":1,"obstacle":"grass"},0,2],[0,{"type":1,"obstacle":"tree"},0,0,0]],"metadata":{"size":5,"difficulty":"EASY","attempts":1,"mode":"FREEPLAY","obstacles":{"main":6,"mirrored":6},"generatedAt":"2025-09-06T00:12:57.622Z"}}','{"row":3,"col":0,"mirroredCol":4}',NULL,NULL,1757117577591);
INSERT INTO game_sessions VALUES('cmf7ig2t50003curxgx0b3z9m','cmf7amknl0000cuzfouuf6qib','Vie','FREEPLAY','EASY',1757117591609,NULL,180,'ABANDONED',0,1,0,NULL,NULL,NULL,'{"mainMap":[[0,0,0,0,3],[0,0,0,{"type":1,"obstacle":"grass"},0],[0,0,0,{"type":1,"obstacle":"tree"},0],[2,{"type":1,"obstacle":"tree"},0,{"type":1,"obstacle":"grass"},0],[0,{"type":1,"obstacle":"wall"},{"type":1,"obstacle":"tree"},0,0]],"mirroredMap":[[3,0,0,0,0],[0,{"type":1,"obstacle":"grass"},0,0,0],[0,{"type":1,"obstacle":"wall"},0,0,0],[0,{"type":1,"obstacle":"wall"},0,{"type":1,"obstacle":"tree"},2],[0,0,{"type":1,"obstacle":"tree"},{"type":1,"obstacle":"grass"},0]],"metadata":{"size":5,"difficulty":"EASY","attempts":2,"mode":"FREEPLAY","obstacles":{"main":6,"mirrored":6},"generatedAt":"2025-09-06T00:13:11.625Z"}}','{"row":2,"col":0,"mirroredCol":4}',NULL,NULL,1757117591609);
INSERT INTO game_sessions VALUES('cmf7iklaq0001cuv26phurpu0','cmf7amknl0000cuzfouuf6qib','Vie','FREEPLAY','EASY',1757117802195,NULL,180,'ABANDONED',1,8,2,100,NULL,NULL,'{"mainMap":[[{"type":1,"obstacle":"wall"},{"type":1,"obstacle":"wall"},0,0,0],[0,{"type":1,"obstacle":"tree"},0,0,3],[0,0,0,0,{"type":1,"obstacle":"tree"}],[0,2,0,0,{"type":1,"obstacle":"tree"}],[{"type":1,"obstacle":"tree"},{"type":1,"obstacle":"grass"},0,0,{"type":1,"obstacle":"grass"}]],"mirroredMap":[[0,0,0,{"type":1,"obstacle":"wall"},{"type":1,"obstacle":"grass"}],[3,0,0,{"type":1,"obstacle":"grass"},0],[{"type":1,"obstacle":"grass"},0,0,0,0],[{"type":1,"obstacle":"grass"},0,0,2,0],[{"type":1,"obstacle":"wall"},0,0,{"type":1,"obstacle":"wall"},{"type":1,"obstacle":"grass"}]],"metadata":{"size":5,"difficulty":"EASY","attempts":1,"mode":"FREEPLAY","obstacles":{"main":8,"mirrored":8},"generatedAt":"2025-09-06T00:17:03.140Z"}}','{"row":3,"col":1,"mirroredCol":3}','[]',NULL,1757117802195);
INSERT INTO game_sessions VALUES('cmf7ip2y80001cuxk6wyh0wq8','cmf7amknl0000cuzfouuf6qib','Vie','FREEPLAY','EASY',1757118011696,NULL,180,'COMPLETED',55,350,13,5500,NULL,NULL,'{"mainMap":[[0,0,{"type":1,"obstacle":"tree"},3,0],[0,0,{"type":1,"obstacle":"tree"},0,{"type":1,"obstacle":"wall"}],[0,0,0,0,0],[0,2,{"type":1,"obstacle":"tree"},0,0],[{"type":1,"obstacle":"tree"},0,{"type":1,"obstacle":"grass"},0,0]],"mirroredMap":[[0,3,{"type":1,"obstacle":"grass"},0,0],[{"type":1,"obstacle":"tree"},0,{"type":1,"obstacle":"wall"},0,0],[0,0,0,0,0],[0,0,{"type":1,"obstacle":"tree"},2,0],[0,0,{"type":1,"obstacle":"grass"},0,{"type":1,"obstacle":"wall"}]],"metadata":{"size":5,"difficulty":"EASY","attempts":1,"mode":"FREEPLAY","obstacles":{"main":6,"mirrored":6},"generatedAt":"2025-09-06T00:22:28.679Z"}}','{"row":3,"col":1,"mirroredCol":3}','[]',NULL,1757118011696);
INSERT INTO game_sessions VALUES('cmf7iu4ib0003cuxkqhwjlrxp','cmf7amknl0000cuzfouuf6qib','Vie','STORY',NULL,1757118246996,1757118252122,NULL,'COMPLETED',0,8,0,NULL,3,5,'{"mainMap":[[0,0,0,0,0,0,0,0,0],[0,{"type":1,"obstacle":"wall"},0,0,0,0,0,{"type":1,"obstacle":"wall"},0],[0,0,0,0,0,0,0,0,0],[0,0,0,{"type":1,"obstacle":"tree"},0,{"type":1,"obstacle":"grass"},0,0,0],[2,0,0,0,0,0,0,0,3],[0,0,0,{"type":1,"obstacle":"tree"},0,{"type":1,"obstacle":"wall"},0,0,0],[0,0,0,0,0,0,0,0,0],[0,{"type":1,"obstacle":"tree"},0,0,0,0,0,{"type":1,"obstacle":"grass"},0],[0,0,0,0,0,0,0,0,0]],"mirroredMap":[[0,0,0,0,0,0,0,0,0],[0,{"type":1,"obstacle":"grass"},0,0,0,0,0,{"type":1,"obstacle":"grass"},0],[0,0,0,0,0,0,0,0,0],[0,0,0,{"type":1,"obstacle":"grass"},0,{"type":1,"obstacle":"wall"},0,0,0],[3,0,0,0,0,0,0,0,2],[0,0,0,{"type":1,"obstacle":"wall"},0,{"type":1,"obstacle":"grass"},0,0,0],[0,0,0,0,0,0,0,0,0],[0,{"type":1,"obstacle":"tree"},0,0,0,0,0,{"type":1,"obstacle":"wall"},0],[0,0,0,0,0,0,0,0,0]],"metadata":{"size":9,"level":1,"name":"first steps","description":"learn the basics of mirrored movement","targetSteps":8,"targetTime":30,"mode":"STORY"}}','{"row":4,"col":8,"mirroredCol":0}',NULL,1,1757118246996);
INSERT INTO game_sessions VALUES('cmf7j5fm90001cu6k0dgs4bay','cmf7amknl0000cuzfouuf6qib','Vie','FREEPLAY','EASY',1757118774610,NULL,180,'COMPLETED',91,568,23,9100,NULL,NULL,'{"mainMap":[[0,{"type":1,"obstacle":"grass"},0,3,{"type":1,"obstacle":"grass"}],[{"type":1,"obstacle":"grass"},0,0,{"type":1,"obstacle":"tree"},{"type":1,"obstacle":"wall"}],[0,0,{"type":1,"obstacle":"wall"},0,0],[0,2,0,{"type":1,"obstacle":"grass"},0],[0,0,0,0,0]],"mirroredMap":[[{"type":1,"obstacle":"grass"},3,0,{"type":1,"obstacle":"wall"},0],[{"type":1,"obstacle":"grass"},{"type":1,"obstacle":"tree"},0,0,{"type":1,"obstacle":"tree"}],[0,0,{"type":1,"obstacle":"tree"},0,0],[0,{"type":1,"obstacle":"wall"},0,2,0],[0,0,0,0,0]],"metadata":{"size":5,"difficulty":"EASY","attempts":1,"mode":"FREEPLAY","obstacles":{"main":7,"mirrored":7},"generatedAt":"2025-09-06T00:35:54.067Z"}}','{"row":2,"col":1,"mirroredCol":3}','[]',NULL,1757118774610);
INSERT INTO game_sessions VALUES('cmf7jjpv10001cudcgbo0k622','cmf7amknl0000cuzfouuf6qib','Vie','STORY',NULL,1757119441070,1757119448349,NULL,'COMPLETED',0,10,0,NULL,3,7,'{"mainMap":[[0,0,0,0,0,0,0,0,0],[0,{"type":1,"obstacle":"wall"},0,0,0,0,0,{"type":1,"obstacle":"wall"},0],[0,0,0,{"type":1,"obstacle":"tree"},0,{"type":1,"obstacle":"grass"},0,0,0],[0,0,0,0,0,0,0,0,0],[2,0,{"type":1,"obstacle":"wall"},0,0,0,{"type":1,"obstacle":"wall"},0,3],[0,0,0,0,0,0,0,0,0],[0,0,0,{"type":1,"obstacle":"wall"},0,{"type":1,"obstacle":"wall"},0,0,0],[0,{"type":1,"obstacle":"wall"},0,0,0,0,0,{"type":1,"obstacle":"tree"},0],[0,0,0,0,0,0,0,0,0]],"mirroredMap":[[0,0,0,0,0,0,0,0,0],[0,{"type":1,"obstacle":"grass"},0,0,0,0,0,{"type":1,"obstacle":"tree"},0],[0,0,0,{"type":1,"obstacle":"grass"},0,{"type":1,"obstacle":"wall"},0,0,0],[0,0,0,0,0,0,0,0,0],[3,0,{"type":1,"obstacle":"grass"},0,0,0,{"type":1,"obstacle":"grass"},0,2],[0,0,0,0,0,0,0,0,0],[0,0,0,{"type":1,"obstacle":"wall"},0,{"type":1,"obstacle":"wall"},0,0,0],[0,{"type":1,"obstacle":"grass"},0,0,0,0,0,{"type":1,"obstacle":"wall"},0],[0,0,0,0,0,0,0,0,0]],"metadata":{"size":9,"level":2,"name":"mirror dance","description":"navigate around obstacles with movement only","targetSteps":12,"targetTime":45,"mode":"STORY"}}','{"row":4,"col":8,"mirroredCol":0}',NULL,2,1757119441070);
INSERT INTO game_sessions VALUES('cmf7juta10001cuj5wd6ikbc7','cmf7amknl0000cuzfouuf6qib','Vie','STORY',NULL,1757119958714,1757119965209,NULL,'COMPLETED',0,12,0,NULL,3,6,'{"mainMap":[[0,{"type":1,"obstacle":"wall"},0,0,0,0,0,{"type":1,"obstacle":"tree"},0],[0,0,0,0,0,0,0,0,0],[0,{"type":1,"obstacle":"wall"},{"type":1,"obstacle":"tree"},0,0,0,{"type":1,"obstacle":"tree"},{"type":1,"obstacle":"grass"},0],[0,0,0,0,{"type":1,"obstacle":"wall"},0,0,0,0],[2,0,{"type":1,"obstacle":"grass"},0,0,0,{"type":1,"obstacle":"wall"},0,3],[0,0,0,0,{"type":1,"obstacle":"tree"},0,0,0,0],[0,{"type":1,"obstacle":"wall"},{"type":1,"obstacle":"wall"},0,0,0,{"type":1,"obstacle":"wall"},{"type":1,"obstacle":"grass"},0],[0,0,0,0,0,0,0,0,0],[0,{"type":1,"obstacle":"tree"},0,0,0,0,0,{"type":1,"obstacle":"grass"},0]],"mirroredMap":[[0,{"type":1,"obstacle":"tree"},0,0,0,0,0,{"type":1,"obstacle":"tree"},0],[0,0,0,0,0,0,0,0,0],[0,{"type":1,"obstacle":"wall"},{"type":1,"obstacle":"tree"},0,0,0,{"type":1,"obstacle":"tree"},{"type":1,"obstacle":"tree"},0],[0,0,0,0,{"type":1,"obstacle":"grass"},0,0,0,0],[3,0,{"type":1,"obstacle":"tree"},0,0,0,{"type":1,"obstacle":"grass"},0,2],[0,0,0,0,{"type":1,"obstacle":"wall"},0,0,0,0],[0,{"type":1,"obstacle":"tree"},{"type":1,"obstacle":"tree"},0,0,0,{"type":1,"obstacle":"wall"},{"type":1,"obstacle":"grass"},0],[0,0,0,0,0,0,0,0,0],[0,{"type":1,"obstacle":"wall"},0,0,0,0,0,{"type":1,"obstacle":"tree"},0]],"metadata":{"size":9,"level":3,"name":"winding paths","description":"find the route that works for both grids","targetSteps":16,"targetTime":60,"mode":"STORY"}}','{"row":4,"col":8,"mirroredCol":0}',NULL,3,1757119958714);
INSERT INTO game_sessions VALUES('cmf7jyweo0003cuj5riwd0wf0','cmf7amknl0000cuzfouuf6qib','Vie','FREEPLAY','EASY',1757120149393,1757120329470,180,'TIME_UP',34,217,16,3400,NULL,NULL,'{"mainMap":[[0,0,{"type":1,"obstacle":"grass"},{"type":1,"obstacle":"tree"},3],[0,{"type":1,"obstacle":"tree"},0,{"type":1,"obstacle":"tree"},0],[0,0,{"type":1,"obstacle":"grass"},{"type":1,"obstacle":"wall"},0],[0,2,0,0,0],[0,0,0,{"type":1,"obstacle":"tree"},0]],"mirroredMap":[[3,{"type":1,"obstacle":"grass"},{"type":1,"obstacle":"tree"},0,0],[0,{"type":1,"obstacle":"grass"},0,{"type":1,"obstacle":"grass"},0],[0,{"type":1,"obstacle":"grass"},{"type":1,"obstacle":"tree"},0,0],[0,0,0,2,0],[0,{"type":1,"obstacle":"tree"},0,0,0]],"metadata":{"size":5,"difficulty":"EASY","attempts":1,"mode":"FREEPLAY","obstacles":{"main":7,"mirrored":7},"generatedAt":"2025-09-06T00:58:47.440Z"}}','{"row":2,"col":4,"mirroredCol":0}','[]',NULL,1757120149393);
INSERT INTO game_sessions VALUES('cmf7k9vkb0001cupcx3zqftpb','cmf7amknl0000cuzfouuf6qib','Vie','STORY',NULL,1757120661515,1757120669460,NULL,'COMPLETED',0,10,0,NULL,3,7,'{"mainMap":[[{"type":1,"obstacle":"grass"},0,0,0,3,0,0,0,{"type":1,"obstacle":"grass"}],[0,0,{"type":1,"obstacle":"wall"},0,0,0,{"type":1,"obstacle":"tree"},0,0],[0,0,0,0,{"type":1,"obstacle":"grass"},0,0,0,0],[{"type":1,"obstacle":"tree"},0,{"type":1,"obstacle":"grass"},0,0,0,{"type":1,"obstacle":"grass"},0,{"type":1,"obstacle":"wall"}],[0,0,0,0,0,0,0,0,0],[{"type":1,"obstacle":"tree"},0,{"type":1,"obstacle":"grass"},0,0,0,{"type":1,"obstacle":"wall"},0,{"type":1,"obstacle":"wall"}],[0,0,0,0,{"type":1,"obstacle":"wall"},0,0,0,0],[0,0,{"type":1,"obstacle":"wall"},0,0,0,{"type":1,"obstacle":"grass"},0,0],[{"type":1,"obstacle":"wall"},0,0,0,2,0,0,0,{"type":1,"obstacle":"wall"}]],"mirroredMap":[[{"type":1,"obstacle":"tree"},0,0,0,3,0,0,0,{"type":1,"obstacle":"tree"}],[0,0,{"type":1,"obstacle":"wall"},0,0,0,{"type":1,"obstacle":"wall"},0,0],[0,0,0,0,{"type":1,"obstacle":"tree"},0,0,0,0],[{"type":1,"obstacle":"wall"},0,{"type":1,"obstacle":"tree"},0,0,0,{"type":1,"obstacle":"grass"},0,{"type":1,"obstacle":"tree"}],[0,0,0,0,0,0,0,0,0],[{"type":1,"obstacle":"grass"},0,{"type":1,"obstacle":"wall"},0,0,0,{"type":1,"obstacle":"grass"},0,{"type":1,"obstacle":"grass"}],[0,0,0,0,{"type":1,"obstacle":"grass"},0,0,0,0],[0,0,{"type":1,"obstacle":"tree"},0,0,0,{"type":1,"obstacle":"wall"},0,0],[{"type":1,"obstacle":"wall"},0,0,0,2,0,0,0,{"type":1,"obstacle":"grass"}]],"metadata":{"size":9,"level":4,"name":"strategic thinking","description":"plan your route carefully","targetSteps":18,"targetTime":75,"mode":"STORY"}}','{"row":0,"col":4,"mirroredCol":4}',NULL,4,1757120661515);
INSERT INTO game_sessions VALUES('cmf7ka30b0003cupcc0wy2fzu','cmf7amknl0000cuzfouuf6qib','Vie','STORY',NULL,1757120671163,NULL,NULL,'ABANDONED',0,0,0,NULL,NULL,NULL,'{"mainMap":[[0,0,{"type":1,"obstacle":"tree"},0,3,0,{"type":1,"obstacle":"wall"},0,0],[0,0,0,0,0,0,0,0,0],[{"type":1,"obstacle":"wall"},0,0,{"type":1,"obstacle":"grass"},0,{"type":1,"obstacle":"wall"},0,0,{"type":1,"obstacle":"tree"}],[0,0,0,0,0,0,0,0,0],[0,{"type":1,"obstacle":"tree"},0,0,0,0,0,{"type":1,"obstacle":"wall"},0],[0,0,0,0,0,0,0,0,0],[{"type":1,"obstacle":"wall"},0,0,{"type":1,"obstacle":"grass"},0,{"type":1,"obstacle":"grass"},0,0,{"type":1,"obstacle":"tree"}],[0,0,0,0,0,0,0,0,0],[0,0,{"type":1,"obstacle":"grass"},0,2,0,{"type":1,"obstacle":"wall"},0,0]],"mirroredMap":[[0,0,{"type":1,"obstacle":"tree"},0,3,0,{"type":1,"obstacle":"tree"},0,0],[0,0,0,0,0,0,0,0,0],[{"type":1,"obstacle":"wall"},0,0,{"type":1,"obstacle":"grass"},0,{"type":1,"obstacle":"tree"},0,0,{"type":1,"obstacle":"grass"}],[0,0,0,0,0,0,0,0,0],[0,{"type":1,"obstacle":"grass"},0,0,0,0,0,{"type":1,"obstacle":"grass"},0],[0,0,0,0,0,0,0,0,0],[{"type":1,"obstacle":"grass"},0,0,{"type":1,"obstacle":"tree"},0,{"type":1,"obstacle":"tree"},0,0,{"type":1,"obstacle":"grass"}],[0,0,0,0,0,0,0,0,0],[0,0,{"type":1,"obstacle":"wall"},0,2,0,{"type":1,"obstacle":"tree"},0,0]],"metadata":{"size":9,"level":5,"name":"precision challenge","description":"master movement without helpers for best score","targetSteps":20,"targetTime":90,"mode":"STORY"}}','{"row":8,"col":4,"mirroredCol":4}',NULL,5,1757120671163);
INSERT INTO game_sessions VALUES('cmf7kc21m0005cupc5l1oc5jg','cmf7amknl0000cuzfouuf6qib','Vie','STORY',NULL,1757120763227,1757120767700,NULL,'COMPLETED',0,8,0,NULL,3,4,'{"mainMap":[[0,0,{"type":1,"obstacle":"tree"},0,3,0,{"type":1,"obstacle":"grass"},0,0],[0,0,0,0,0,0,0,0,0],[{"type":1,"obstacle":"wall"},0,0,{"type":1,"obstacle":"tree"},0,{"type":1,"obstacle":"grass"},0,0,{"type":1,"obstacle":"grass"}],[0,0,0,0,0,0,0,0,0],[0,{"type":1,"obstacle":"grass"},0,0,0,0,0,{"type":1,"obstacle":"grass"},0],[0,0,0,0,0,0,0,0,0],[{"type":1,"obstacle":"tree"},0,0,{"type":1,"obstacle":"grass"},0,{"type":1,"obstacle":"grass"},0,0,{"type":1,"obstacle":"wall"}],[0,0,0,0,0,0,0,0,0],[0,0,{"type":1,"obstacle":"grass"},0,2,0,{"type":1,"obstacle":"tree"},0,0]],"mirroredMap":[[0,0,{"type":1,"obstacle":"grass"},0,3,0,{"type":1,"obstacle":"grass"},0,0],[0,0,0,0,0,0,0,0,0],[{"type":1,"obstacle":"tree"},0,0,{"type":1,"obstacle":"grass"},0,{"type":1,"obstacle":"wall"},0,0,{"type":1,"obstacle":"grass"}],[0,0,0,0,0,0,0,0,0],[0,{"type":1,"obstacle":"tree"},0,0,0,0,0,{"type":1,"obstacle":"grass"},0],[0,0,0,0,0,0,0,0,0],[{"type":1,"obstacle":"grass"},0,0,{"type":1,"obstacle":"wall"},0,{"type":1,"obstacle":"grass"},0,0,{"type":1,"obstacle":"wall"}],[0,0,0,0,0,0,0,0,0],[0,0,{"type":1,"obstacle":"grass"},0,2,0,{"type":1,"obstacle":"tree"},0,0]],"metadata":{"size":9,"level":5,"name":"precision challenge","description":"master movement without helpers for best score","targetSteps":20,"targetTime":90,"mode":"STORY"}}','{"row":0,"col":4,"mirroredCol":4}',NULL,5,1757120763227);
INSERT INTO game_sessions VALUES('cmf7kc9980007cupcmrsufmg2','cmf7amknl0000cuzfouuf6qib','Vie','STORY',NULL,1757120772572,NULL,NULL,'ABANDONED',0,0,0,NULL,NULL,NULL,'{"mainMap":[[3,0,{"type":1,"obstacle":"tree"},0,0,0,{"type":1,"obstacle":"tree"},0,0],[0,0,0,0,{"type":1,"obstacle":"tree"},0,0,0,{"type":1,"obstacle":"wall"}],[{"type":1,"obstacle":"wall"},0,0,0,0,0,0,0,0],[0,0,{"type":1,"obstacle":"tree"},0,0,0,{"type":1,"obstacle":"wall"},0,0],[0,{"type":1,"obstacle":"tree"},0,0,0,0,0,{"type":1,"obstacle":"tree"},0],[0,0,{"type":1,"obstacle":"wall"},0,0,0,{"type":1,"obstacle":"grass"},0,0],[{"type":1,"obstacle":"tree"},0,0,0,0,0,0,0,0],[0,0,0,0,{"type":1,"obstacle":"grass"},0,0,0,{"type":1,"obstacle":"grass"}],[0,0,{"type":1,"obstacle":"tree"},0,0,0,{"type":1,"obstacle":"wall"},0,2]],"mirroredMap":[[0,0,{"type":1,"obstacle":"tree"},0,0,0,{"type":1,"obstacle":"tree"},0,3],[{"type":1,"obstacle":"grass"},0,0,0,{"type":1,"obstacle":"tree"},0,0,0,0],[0,0,0,0,0,0,0,0,{"type":1,"obstacle":"wall"}],[0,0,{"type":1,"obstacle":"grass"},0,0,0,{"type":1,"obstacle":"tree"},0,0],[0,{"type":1,"obstacle":"wall"},0,0,0,0,0,{"type":1,"obstacle":"grass"},0],[0,0,{"type":1,"obstacle":"grass"},0,0,0,{"type":1,"obstacle":"tree"},0,0],[0,0,0,0,0,0,0,0,{"type":1,"obstacle":"grass"}],[{"type":1,"obstacle":"tree"},0,0,0,{"type":1,"obstacle":"wall"},0,0,0,0],[2,0,{"type":1,"obstacle":"tree"},0,0,0,{"type":1,"obstacle":"tree"},0,0]],"metadata":{"size":9,"level":6,"name":"corner navigation","description":"use corners to your advantage","targetSteps":24,"targetTime":100,"mode":"STORY"}}','{"row":8,"col":8,"mirroredCol":0}',NULL,6,1757120772572);
INSERT INTO game_sessions VALUES('cmf7kce5a0009cupclaw6xh7r','cmf7amknl0000cuzfouuf6qib','Vie','STORY',NULL,1757120778911,1757120787268,NULL,'COMPLETED',0,16,0,NULL,3,8,'{"mainMap":[[3,0,{"type":1,"obstacle":"tree"},0,0,0,{"type":1,"obstacle":"grass"},0,0],[0,0,0,0,{"type":1,"obstacle":"wall"},0,0,0,{"type":1,"obstacle":"grass"}],[{"type":1,"obstacle":"tree"},0,0,0,0,0,0,0,0],[0,0,{"type":1,"obstacle":"wall"},0,0,0,{"type":1,"obstacle":"wall"},0,0],[0,{"type":1,"obstacle":"grass"},0,0,0,0,0,{"type":1,"obstacle":"wall"},0],[0,0,{"type":1,"obstacle":"grass"},0,0,0,{"type":1,"obstacle":"tree"},0,0],[{"type":1,"obstacle":"grass"},0,0,0,0,0,0,0,0],[0,0,0,0,{"type":1,"obstacle":"wall"},0,0,0,{"type":1,"obstacle":"grass"}],[0,0,{"type":1,"obstacle":"grass"},0,0,0,{"type":1,"obstacle":"grass"},0,2]],"mirroredMap":[[0,0,{"type":1,"obstacle":"wall"},0,0,0,{"type":1,"obstacle":"grass"},0,3],[{"type":1,"obstacle":"grass"},0,0,0,{"type":1,"obstacle":"grass"},0,0,0,0],[0,0,0,0,0,0,0,0,{"type":1,"obstacle":"wall"}],[0,0,{"type":1,"obstacle":"wall"},0,0,0,{"type":1,"obstacle":"tree"},0,0],[0,{"type":1,"obstacle":"wall"},0,0,0,0,0,{"type":1,"obstacle":"tree"},0],[0,0,{"type":1,"obstacle":"grass"},0,0,0,{"type":1,"obstacle":"tree"},0,0],[0,0,0,0,0,0,0,0,{"type":1,"obstacle":"wall"}],[{"type":1,"obstacle":"grass"},0,0,0,{"type":1,"obstacle":"wall"},0,0,0,0],[2,0,{"type":1,"obstacle":"tree"},0,0,0,{"type":1,"obstacle":"tree"},0,0]],"metadata":{"size":9,"level":6,"name":"corner navigation","description":"use corners to your advantage","targetSteps":24,"targetTime":100,"mode":"STORY"}}','{"row":0,"col":0,"mirroredCol":8}',NULL,6,1757120778911);
INSERT INTO game_sessions VALUES('cmf7kcqol000bcupc61i16krx','cmf7amknl0000cuzfouuf6qib','Vie','STORY',NULL,1757120795157,NULL,NULL,'ABANDONED',0,0,0,NULL,NULL,NULL,'{"mainMap":[[0,{"type":1,"obstacle":"wall"},0,{"type":1,"obstacle":"grass"},3,{"type":1,"obstacle":"wall"},0,{"type":1,"obstacle":"tree"},0],[0,0,0,0,0,0,0,0,0],[{"type":1,"obstacle":"tree"},0,{"type":1,"obstacle":"grass"},{"type":1,"obstacle":"wall"},0,{"type":1,"obstacle":"grass"},{"type":1,"obstacle":"tree"},0,{"type":1,"obstacle":"grass"}],[0,0,0,0,0,0,0,0,0],[0,{"type":1,"obstacle":"tree"},0,{"type":1,"obstacle":"wall"},0,{"type":1,"obstacle":"grass"},0,{"type":1,"obstacle":"grass"},0],[0,0,0,0,0,0,0,0,0],[{"type":1,"obstacle":"tree"},0,{"type":1,"obstacle":"grass"},{"type":1,"obstacle":"grass"},0,{"type":1,"obstacle":"tree"},{"type":1,"obstacle":"tree"},0,{"type":1,"obstacle":"wall"}],[0,0,0,0,0,0,0,0,0],[0,{"type":1,"obstacle":"wall"},0,{"type":1,"obstacle":"grass"},2,{"type":1,"obstacle":"tree"},0,{"type":1,"obstacle":"tree"},0]],"mirroredMap":[[0,{"type":1,"obstacle":"wall"},0,{"type":1,"obstacle":"tree"},3,{"type":1,"obstacle":"tree"},0,{"type":1,"obstacle":"grass"},0],[0,0,0,0,0,0,0,0,0],[{"type":1,"obstacle":"wall"},0,{"type":1,"obstacle":"wall"},{"type":1,"obstacle":"grass"},0,{"type":1,"obstacle":"wall"},{"type":1,"obstacle":"tree"},0,{"type":1,"obstacle":"tree"}],[0,0,0,0,0,0,0,0,0],[0,{"type":1,"obstacle":"grass"},0,{"type":1,"obstacle":"wall"},0,{"type":1,"obstacle":"wall"},0,{"type":1,"obstacle":"grass"},0],[0,0,0,0,0,0,0,0,0],[{"type":1,"obstacle":"grass"},0,{"type":1,"obstacle":"grass"},{"type":1,"obstacle":"grass"},0,{"type":1,"obstacle":"grass"},{"type":1,"obstacle":"wall"},0,{"type":1,"obstacle":"wall"}],[0,0,0,0,0,0,0,0,0],[0,{"type":1,"obstacle":"tree"},0,{"type":1,"obstacle":"grass"},2,{"type":1,"obstacle":"grass"},0,{"type":1,"obstacle":"grass"},0]],"metadata":{"size":9,"level":7,"name":"maze runner","description":"find the path through the maze","targetSteps":22,"targetTime":95,"mode":"STORY"}}','{"row":8,"col":4,"mirroredCol":4}',NULL,7,1757120795157);
INSERT INTO game_sessions VALUES('cmf7kv3vn0001cuy6ix519z1r','cmf7amknl0000cuzfouuf6qib','Vie','STORY',NULL,1757121652067,1757121659987,NULL,'COMPLETED',0,8,0,NULL,3,7,'{"mainMap":[[0,{"type":1,"obstacle":"grass"},0,{"type":1,"obstacle":"wall"},3,{"type":1,"obstacle":"wall"},0,{"type":1,"obstacle":"tree"},0],[0,0,0,0,0,0,0,0,0],[{"type":1,"obstacle":"grass"},0,{"type":1,"obstacle":"wall"},{"type":1,"obstacle":"grass"},0,{"type":1,"obstacle":"wall"},{"type":1,"obstacle":"wall"},0,{"type":1,"obstacle":"grass"}],[0,0,0,0,0,0,0,0,0],[0,{"type":1,"obstacle":"wall"},0,{"type":1,"obstacle":"grass"},0,{"type":1,"obstacle":"tree"},0,{"type":1,"obstacle":"tree"},0],[0,0,0,0,0,0,0,0,0],[{"type":1,"obstacle":"wall"},0,{"type":1,"obstacle":"wall"},{"type":1,"obstacle":"tree"},0,{"type":1,"obstacle":"tree"},{"type":1,"obstacle":"grass"},0,{"type":1,"obstacle":"grass"}],[0,0,0,0,0,0,0,0,0],[0,{"type":1,"obstacle":"grass"},0,{"type":1,"obstacle":"grass"},2,{"type":1,"obstacle":"wall"},0,{"type":1,"obstacle":"tree"},0]],"mirroredMap":[[0,{"type":1,"obstacle":"grass"},0,{"type":1,"obstacle":"wall"},3,{"type":1,"obstacle":"wall"},0,{"type":1,"obstacle":"grass"},0],[0,0,0,0,0,0,0,0,0],[{"type":1,"obstacle":"wall"},0,{"type":1,"obstacle":"grass"},{"type":1,"obstacle":"grass"},0,{"type":1,"obstacle":"tree"},{"type":1,"obstacle":"grass"},0,{"type":1,"obstacle":"tree"}],[0,0,0,0,0,0,0,0,0],[0,{"type":1,"obstacle":"tree"},0,{"type":1,"obstacle":"wall"},0,{"type":1,"obstacle":"wall"},0,{"type":1,"obstacle":"wall"},0],[0,0,0,0,0,0,0,0,0],[{"type":1,"obstacle":"wall"},0,{"type":1,"obstacle":"wall"},{"type":1,"obstacle":"grass"},0,{"type":1,"obstacle":"grass"},{"type":1,"obstacle":"wall"},0,{"type":1,"obstacle":"grass"}],[0,0,0,0,0,0,0,0,0],[0,{"type":1,"obstacle":"grass"},0,{"type":1,"obstacle":"grass"},2,{"type":1,"obstacle":"grass"},0,{"type":1,"obstacle":"grass"},0]],"metadata":{"size":9,"level":7,"name":"maze runner","description":"find the path through the maze","targetSteps":22,"targetTime":95,"mode":"STORY"}}','{"row":0,"col":4,"mirroredCol":4}',NULL,7,1757121652067);
INSERT INTO game_sessions VALUES('cmf7kvb100003cuy6p8ul6cyo','cmf7amknl0000cuzfouuf6qib','Vie','STORY',NULL,1757121661333,1757121667712,NULL,'COMPLETED',0,12,0,NULL,3,6,'{"mainMap":[[0,0,0,{"type":1,"obstacle":"wall"},3,{"type":1,"obstacle":"grass"},0,0,0],[0,0,{"type":1,"obstacle":"grass"},0,0,0,{"type":1,"obstacle":"tree"},0,0],[0,{"type":1,"obstacle":"tree"},0,0,0,0,0,{"type":1,"obstacle":"tree"},0],[{"type":1,"obstacle":"tree"},0,0,0,{"type":1,"obstacle":"tree"},0,0,0,{"type":1,"obstacle":"wall"}],[0,0,0,{"type":1,"obstacle":"wall"},0,{"type":1,"obstacle":"tree"},0,0,0],[{"type":1,"obstacle":"tree"},0,0,0,{"type":1,"obstacle":"tree"},0,0,0,{"type":1,"obstacle":"wall"}],[0,{"type":1,"obstacle":"wall"},0,0,0,0,0,{"type":1,"obstacle":"wall"},0],[0,0,{"type":1,"obstacle":"wall"},0,0,0,{"type":1,"obstacle":"tree"},0,0],[0,0,0,{"type":1,"obstacle":"grass"},2,{"type":1,"obstacle":"wall"},0,0,0]],"mirroredMap":[[0,0,0,{"type":1,"obstacle":"tree"},3,{"type":1,"obstacle":"tree"},0,0,0],[0,0,{"type":1,"obstacle":"tree"},0,0,0,{"type":1,"obstacle":"grass"},0,0],[0,{"type":1,"obstacle":"grass"},0,0,0,0,0,{"type":1,"obstacle":"tree"},0],[{"type":1,"obstacle":"wall"},0,0,0,{"type":1,"obstacle":"tree"},0,0,0,{"type":1,"obstacle":"grass"}],[0,0,0,{"type":1,"obstacle":"tree"},0,{"type":1,"obstacle":"wall"},0,0,0],[{"type":1,"obstacle":"tree"},0,0,0,{"type":1,"obstacle":"wall"},0,0,0,{"type":1,"obstacle":"tree"}],[0,{"type":1,"obstacle":"wall"},0,0,0,0,0,{"type":1,"obstacle":"wall"},0],[0,0,{"type":1,"obstacle":"wall"},0,0,0,{"type":1,"obstacle":"tree"},0,0],[0,0,0,{"type":1,"obstacle":"grass"},2,{"type":1,"obstacle":"tree"},0,0,0]],"metadata":{"size":9,"level":8,"name":"diagonal challenge","description":"think diagonally but move orthogonally","targetSteps":26,"targetTime":110,"mode":"STORY"}}','{"row":0,"col":4,"mirroredCol":4}',NULL,8,1757121661333);
INSERT INTO game_sessions VALUES('cmf7m85xn0002vm2qyn09dc8a','cmf7m72on0000vm2qxjnk4yp0','Ver','FREEPLAY','MEDIUM',1757123940875,NULL,180,'PLAYING',2,26,0,300,NULL,NULL,'{"mainMap":[[{"type":1,"obstacle":"grass"},{"type":1,"obstacle":"grass"},0,0,0,0,{"type":1,"obstacle":"grass"}],[{"type":1,"obstacle":"wall"},0,0,0,0,3,0],[{"type":1,"obstacle":"tree"},0,0,{"type":1,"obstacle":"wall"},{"type":1,"obstacle":"tree"},0,0],[{"type":1,"obstacle":"grass"},0,{"type":1,"obstacle":"tree"},{"type":1,"obstacle":"tree"},0,0,0],[{"type":1,"obstacle":"wall"},0,{"type":1,"obstacle":"grass"},{"type":1,"obstacle":"tree"},0,{"type":1,"obstacle":"wall"},0],[0,2,0,{"type":1,"obstacle":"tree"},{"type":1,"obstacle":"tree"},{"type":1,"obstacle":"tree"},0],[0,0,{"type":1,"obstacle":"tree"},0,0,0,0]],"mirroredMap":[[{"type":1,"obstacle":"tree"},0,0,0,0,{"type":1,"obstacle":"tree"},{"type":1,"obstacle":"grass"}],[0,3,0,0,0,0,{"type":1,"obstacle":"grass"}],[0,0,{"type":1,"obstacle":"tree"},{"type":1,"obstacle":"tree"},0,0,{"type":1,"obstacle":"tree"}],[0,0,0,{"type":1,"obstacle":"grass"},{"type":1,"obstacle":"tree"},0,{"type":1,"obstacle":"grass"}],[0,{"type":1,"obstacle":"wall"},0,{"type":1,"obstacle":"tree"},{"type":1,"obstacle":"tree"},0,{"type":1,"obstacle":"wall"}],[0,{"type":1,"obstacle":"wall"},{"type":1,"obstacle":"grass"},{"type":1,"obstacle":"grass"},0,2,0],[0,0,0,0,{"type":1,"obstacle":"tree"},0,0]],"metadata":{"size":7,"difficulty":"MEDIUM","attempts":2,"mode":"FREEPLAY","obstacles":{"main":18,"mirrored":18},"generatedAt":"2025-09-06T01:59:20.149Z"}}','{"row":5,"col":1,"mirroredCol":5}','[]',NULL,1757123940875);
INSERT INTO game_sessions VALUES('cmf7m92150004vm2qc5qrtl6b','cmf7m72on0000vm2qxjnk4yp0','Ver','STORY',NULL,1757123982473,1757123982897,NULL,'TIME_UP',0,0,0,NULL,NULL,NULL,'{"mainMap":[[0,0,0,0,0,0,0,0,0],[0,{"type":1,"obstacle":"grass"},0,0,0,0,0,{"type":1,"obstacle":"tree"},0],[0,0,0,0,0,0,0,0,0],[0,0,0,{"type":1,"obstacle":"wall"},0,{"type":1,"obstacle":"grass"},0,0,0],[2,0,0,0,0,0,0,0,3],[0,0,0,{"type":1,"obstacle":"tree"},0,{"type":1,"obstacle":"wall"},0,0,0],[0,0,0,0,0,0,0,0,0],[0,{"type":1,"obstacle":"wall"},0,0,0,0,0,{"type":1,"obstacle":"grass"},0],[0,0,0,0,0,0,0,0,0]],"mirroredMap":[[0,0,0,0,0,0,0,0,0],[0,{"type":1,"obstacle":"grass"},0,0,0,0,0,{"type":1,"obstacle":"grass"},0],[0,0,0,0,0,0,0,0,0],[0,0,0,{"type":1,"obstacle":"tree"},0,{"type":1,"obstacle":"grass"},0,0,0],[3,0,0,0,0,0,0,0,2],[0,0,0,{"type":1,"obstacle":"wall"},0,{"type":1,"obstacle":"tree"},0,0,0],[0,0,0,0,0,0,0,0,0],[0,{"type":1,"obstacle":"grass"},0,0,0,0,0,{"type":1,"obstacle":"grass"},0],[0,0,0,0,0,0,0,0,0]],"metadata":{"size":9,"level":1,"name":"first steps","description":"learn the basics of mirrored movement","targetSteps":8,"targetTime":30,"mode":"STORY"}}','{"row":4,"col":0,"mirroredCol":8}',NULL,1,1757123982473);
INSERT INTO game_sessions VALUES('cmf7mor7q0001vmzwrfm0l03a','cmf7m72on0000vm2qxjnk4yp0','Ver','STORY',NULL,1757124714950,1757124719330,NULL,'COMPLETED',0,8,0,NULL,3,4,'{"mainMap":[[0,0,0,0,0,0,0,0,0],[0,{"type":1,"obstacle":"tree"},0,0,0,0,0,{"type":1,"obstacle":"grass"},0],[0,0,0,0,0,0,0,0,0],[0,0,0,{"type":1,"obstacle":"grass"},0,{"type":1,"obstacle":"wall"},0,0,0],[2,0,0,0,0,0,0,0,3],[0,0,0,{"type":1,"obstacle":"tree"},0,{"type":1,"obstacle":"tree"},0,0,0],[0,0,0,0,0,0,0,0,0],[0,{"type":1,"obstacle":"wall"},0,0,0,0,0,{"type":1,"obstacle":"grass"},0],[0,0,0,0,0,0,0,0,0]],"mirroredMap":[[0,0,0,0,0,0,0,0,0],[0,{"type":1,"obstacle":"tree"},0,0,0,0,0,{"type":1,"obstacle":"wall"},0],[0,0,0,0,0,0,0,0,0],[0,0,0,{"type":1,"obstacle":"tree"},0,{"type":1,"obstacle":"grass"},0,0,0],[3,0,0,0,0,0,0,0,2],[0,0,0,{"type":1,"obstacle":"tree"},0,{"type":1,"obstacle":"tree"},0,0,0],[0,0,0,0,0,0,0,0,0],[0,{"type":1,"obstacle":"grass"},0,0,0,0,0,{"type":1,"obstacle":"tree"},0],[0,0,0,0,0,0,0,0,0]],"metadata":{"size":9,"level":1,"name":"first steps","description":"learn the basics of mirrored movement","targetSteps":8,"targetTime":30,"mode":"STORY"}}','{"row":4,"col":8,"mirroredCol":0}',NULL,1,1757124714950);
INSERT INTO game_sessions VALUES('cmf7movn40003vmzwg5cgtsl2','cmf7m72on0000vm2qxjnk4yp0','Ver','STORY',NULL,1757124720688,1757124725246,NULL,'COMPLETED',0,10,0,NULL,3,4,'{"mainMap":[[0,0,0,0,0,0,0,0,0],[0,{"type":1,"obstacle":"tree"},0,0,0,0,0,{"type":1,"obstacle":"tree"},0],[0,0,0,{"type":1,"obstacle":"grass"},0,{"type":1,"obstacle":"grass"},0,0,0],[0,0,0,0,0,0,0,0,0],[2,0,{"type":1,"obstacle":"wall"},0,0,0,{"type":1,"obstacle":"grass"},0,3],[0,0,0,0,0,0,0,0,0],[0,0,0,{"type":1,"obstacle":"tree"},0,{"type":1,"obstacle":"grass"},0,0,0],[0,{"type":1,"obstacle":"grass"},0,0,0,0,0,{"type":1,"obstacle":"tree"},0],[0,0,0,0,0,0,0,0,0]],"mirroredMap":[[0,0,0,0,0,0,0,0,0],[0,{"type":1,"obstacle":"tree"},0,0,0,0,0,{"type":1,"obstacle":"tree"},0],[0,0,0,{"type":1,"obstacle":"tree"},0,{"type":1,"obstacle":"grass"},0,0,0],[0,0,0,0,0,0,0,0,0],[3,0,{"type":1,"obstacle":"tree"},0,0,0,{"type":1,"obstacle":"grass"},0,2],[0,0,0,0,0,0,0,0,0],[0,0,0,{"type":1,"obstacle":"grass"},0,{"type":1,"obstacle":"tree"},0,0,0],[0,{"type":1,"obstacle":"wall"},0,0,0,0,0,{"type":1,"obstacle":"wall"},0],[0,0,0,0,0,0,0,0,0]],"metadata":{"size":9,"level":2,"name":"mirror dance","description":"navigate around obstacles with movement only","targetSteps":12,"targetTime":45,"mode":"STORY"}}','{"row":4,"col":8,"mirroredCol":0}',NULL,2,1757124720688);
INSERT INTO game_sessions VALUES('cmf7mp01b0005vmzwux8n5bzk','cmf7m72on0000vm2qxjnk4yp0','Ver','STORY',NULL,1757124726383,1757124731830,NULL,'COMPLETED',0,12,0,NULL,3,5,'{"mainMap":[[0,{"type":1,"obstacle":"grass"},0,0,0,0,0,{"type":1,"obstacle":"tree"},0],[0,0,0,0,0,0,0,0,0],[0,{"type":1,"obstacle":"wall"},{"type":1,"obstacle":"grass"},0,0,0,{"type":1,"obstacle":"wall"},{"type":1,"obstacle":"tree"},0],[0,0,0,0,{"type":1,"obstacle":"grass"},0,0,0,0],[2,0,{"type":1,"obstacle":"tree"},0,0,0,{"type":1,"obstacle":"wall"},0,3],[0,0,0,0,{"type":1,"obstacle":"wall"},0,0,0,0],[0,{"type":1,"obstacle":"grass"},{"type":1,"obstacle":"grass"},0,0,0,{"type":1,"obstacle":"grass"},{"type":1,"obstacle":"wall"},0],[0,0,0,0,0,0,0,0,0],[0,{"type":1,"obstacle":"tree"},0,0,0,0,0,{"type":1,"obstacle":"grass"},0]],"mirroredMap":[[0,{"type":1,"obstacle":"grass"},0,0,0,0,0,{"type":1,"obstacle":"tree"},0],[0,0,0,0,0,0,0,0,0],[0,{"type":1,"obstacle":"wall"},{"type":1,"obstacle":"tree"},0,0,0,{"type":1,"obstacle":"wall"},{"type":1,"obstacle":"tree"},0],[0,0,0,0,{"type":1,"obstacle":"tree"},0,0,0,0],[3,0,{"type":1,"obstacle":"tree"},0,0,0,{"type":1,"obstacle":"grass"},0,2],[0,0,0,0,{"type":1,"obstacle":"grass"},0,0,0,0],[0,{"type":1,"obstacle":"grass"},{"type":1,"obstacle":"grass"},0,0,0,{"type":1,"obstacle":"tree"},{"type":1,"obstacle":"tree"},0],[0,0,0,0,0,0,0,0,0],[0,{"type":1,"obstacle":"wall"},0,0,0,0,0,{"type":1,"obstacle":"tree"},0]],"metadata":{"size":9,"level":3,"name":"winding paths","description":"find the route that works for both grids","targetSteps":16,"targetTime":60,"mode":"STORY"}}','{"row":4,"col":8,"mirroredCol":0}',NULL,3,1757124726383);
INSERT INTO game_sessions VALUES('cmf7mp55p0007vmzw68cpm3l8','cmf7m72on0000vm2qxjnk4yp0','Ver','STORY',NULL,1757124733021,1757124737375,NULL,'COMPLETED',0,10,0,NULL,3,4,'{"mainMap":[[{"type":1,"obstacle":"wall"},0,0,0,3,0,0,0,{"type":1,"obstacle":"tree"}],[0,0,{"type":1,"obstacle":"grass"},0,0,0,{"type":1,"obstacle":"tree"},0,0],[0,0,0,0,{"type":1,"obstacle":"grass"},0,0,0,0],[{"type":1,"obstacle":"grass"},0,{"type":1,"obstacle":"tree"},0,0,0,{"type":1,"obstacle":"tree"},0,{"type":1,"obstacle":"grass"}],[0,0,0,0,0,0,0,0,0],[{"type":1,"obstacle":"grass"},0,{"type":1,"obstacle":"wall"},0,0,0,{"type":1,"obstacle":"grass"},0,{"type":1,"obstacle":"wall"}],[0,0,0,0,{"type":1,"obstacle":"wall"},0,0,0,0],[0,0,{"type":1,"obstacle":"wall"},0,0,0,{"type":1,"obstacle":"tree"},0,0],[{"type":1,"obstacle":"grass"},0,0,0,2,0,0,0,{"type":1,"obstacle":"tree"}]],"mirroredMap":[[{"type":1,"obstacle":"tree"},0,0,0,3,0,0,0,{"type":1,"obstacle":"wall"}],[0,0,{"type":1,"obstacle":"grass"},0,0,0,{"type":1,"obstacle":"grass"},0,0],[0,0,0,0,{"type":1,"obstacle":"grass"},0,0,0,0],[{"type":1,"obstacle":"grass"},0,{"type":1,"obstacle":"wall"},0,0,0,{"type":1,"obstacle":"tree"},0,{"type":1,"obstacle":"wall"}],[0,0,0,0,0,0,0,0,0],[{"type":1,"obstacle":"grass"},0,{"type":1,"obstacle":"tree"},0,0,0,{"type":1,"obstacle":"tree"},0,{"type":1,"obstacle":"tree"}],[0,0,0,0,{"type":1,"obstacle":"wall"},0,0,0,0],[0,0,{"type":1,"obstacle":"tree"},0,0,0,{"type":1,"obstacle":"wall"},0,0],[{"type":1,"obstacle":"wall"},0,0,0,2,0,0,0,{"type":1,"obstacle":"tree"}]],"metadata":{"size":9,"level":4,"name":"strategic thinking","description":"plan your route carefully","targetSteps":18,"targetTime":75,"mode":"STORY"}}','{"row":0,"col":4,"mirroredCol":4}',NULL,4,1757124733021);
INSERT INTO game_sessions VALUES('cmf7mp9el0009vmzw06d8utiv','cmf7m72on0000vm2qxjnk4yp0','Ver','STORY',NULL,1757124738525,1757124742676,NULL,'COMPLETED',0,8,0,NULL,3,4,'{"mainMap":[[0,0,{"type":1,"obstacle":"wall"},0,3,0,{"type":1,"obstacle":"grass"},0,0],[0,0,0,0,0,0,0,0,0],[{"type":1,"obstacle":"tree"},0,0,{"type":1,"obstacle":"tree"},0,{"type":1,"obstacle":"tree"},0,0,{"type":1,"obstacle":"tree"}],[0,0,0,0,0,0,0,0,0],[0,{"type":1,"obstacle":"tree"},0,0,0,0,0,{"type":1,"obstacle":"grass"},0],[0,0,0,0,0,0,0,0,0],[{"type":1,"obstacle":"wall"},0,0,{"type":1,"obstacle":"grass"},0,{"type":1,"obstacle":"wall"},0,0,{"type":1,"obstacle":"wall"}],[0,0,0,0,0,0,0,0,0],[0,0,{"type":1,"obstacle":"grass"},0,2,0,{"type":1,"obstacle":"wall"},0,0]],"mirroredMap":[[0,0,{"type":1,"obstacle":"tree"},0,3,0,{"type":1,"obstacle":"tree"},0,0],[0,0,0,0,0,0,0,0,0],[{"type":1,"obstacle":"tree"},0,0,{"type":1,"obstacle":"wall"},0,{"type":1,"obstacle":"wall"},0,0,{"type":1,"obstacle":"tree"}],[0,0,0,0,0,0,0,0,0],[0,{"type":1,"obstacle":"tree"},0,0,0,0,0,{"type":1,"obstacle":"tree"},0],[0,0,0,0,0,0,0,0,0],[{"type":1,"obstacle":"grass"},0,0,{"type":1,"obstacle":"grass"},0,{"type":1,"obstacle":"grass"},0,0,{"type":1,"obstacle":"tree"}],[0,0,0,0,0,0,0,0,0],[0,0,{"type":1,"obstacle":"wall"},0,2,0,{"type":1,"obstacle":"grass"},0,0]],"metadata":{"size":9,"level":5,"name":"precision challenge","description":"master movement without helpers for best score","targetSteps":20,"targetTime":90,"mode":"STORY"}}','{"row":0,"col":4,"mirroredCol":4}',NULL,5,1757124738525);
INSERT INTO game_sessions VALUES('cmf7mpdho000bvmzwi0648t74','cmf7m72on0000vm2qxjnk4yp0','Ver','STORY',NULL,1757124743820,1757124749862,NULL,'COMPLETED',0,17,1,NULL,3,6,'{"mainMap":[[3,0,{"type":1,"obstacle":"grass"},0,0,0,{"type":1,"obstacle":"grass"},0,0],[0,0,0,0,{"type":1,"obstacle":"wall"},0,0,0,{"type":1,"obstacle":"wall"}],[{"type":1,"obstacle":"tree"},0,0,0,0,0,0,0,0],[0,0,{"type":1,"obstacle":"tree"},0,0,0,{"type":1,"obstacle":"wall"},0,0],[0,{"type":1,"obstacle":"grass"},0,0,0,0,0,{"type":1,"obstacle":"wall"},0],[0,0,{"type":1,"obstacle":"grass"},0,0,0,{"type":1,"obstacle":"tree"},0,0],[{"type":1,"obstacle":"tree"},0,0,0,0,0,0,0,0],[0,0,0,0,{"type":1,"obstacle":"tree"},0,0,0,{"type":1,"obstacle":"grass"}],[0,0,{"type":1,"obstacle":"grass"},0,0,0,{"type":1,"obstacle":"grass"},0,2]],"mirroredMap":[[0,0,{"type":1,"obstacle":"wall"},0,0,0,{"type":1,"obstacle":"grass"},0,3],[{"type":1,"obstacle":"wall"},0,0,0,{"type":1,"obstacle":"grass"},0,0,0,0],[0,0,0,0,0,0,0,0,{"type":1,"obstacle":"tree"}],[0,0,{"type":1,"obstacle":"wall"},0,0,0,{"type":1,"obstacle":"wall"},0,0],[0,{"type":1,"obstacle":"grass"},0,0,0,0,0,{"type":1,"obstacle":"tree"},0],[0,0,{"type":1,"obstacle":"grass"},0,0,0,{"type":1,"obstacle":"wall"},0,0],[0,0,0,0,0,0,0,0,{"type":1,"obstacle":"grass"}],[{"type":1,"obstacle":"wall"},0,0,0,{"type":1,"obstacle":"wall"},0,0,0,0],[2,0,{"type":1,"obstacle":"grass"},0,0,0,{"type":1,"obstacle":"tree"},0,0]],"metadata":{"size":9,"level":6,"name":"corner navigation","description":"use corners to your advantage","targetSteps":24,"targetTime":100,"mode":"STORY"}}','{"row":0,"col":0,"mirroredCol":8}',NULL,6,1757124743820);
INSERT INTO game_sessions VALUES('cmf7oky7n0002vm86ytv9p66e','cmf7okoqq0000vm86suxker58','Guest','FREEPLAY','MEDIUM',1757127896627,NULL,180,'ABANDONED',0,0,0,NULL,NULL,NULL,'{"mainMap":[[0,0,{"type":1,"obstacle":"grass"},0,0,0,{"type":1,"obstacle":"tree"}],[{"type":1,"obstacle":"tree"},{"type":1,"obstacle":"grass"},0,0,{"type":1,"obstacle":"wall"},3,{"type":1,"obstacle":"wall"}],[0,{"type":1,"obstacle":"wall"},0,{"type":1,"obstacle":"tree"},0,0,0],[0,0,0,0,0,0,{"type":1,"obstacle":"wall"}],[{"type":1,"obstacle":"tree"},0,{"type":1,"obstacle":"wall"},0,{"type":1,"obstacle":"tree"},0,0],[0,2,0,0,{"type":1,"obstacle":"wall"},0,0],[{"type":1,"obstacle":"grass"},{"type":1,"obstacle":"tree"},0,0,0,{"type":1,"obstacle":"tree"},0]],"mirroredMap":[[{"type":1,"obstacle":"grass"},0,0,0,{"type":1,"obstacle":"tree"},0,0],[{"type":1,"obstacle":"tree"},3,{"type":1,"obstacle":"tree"},0,0,{"type":1,"obstacle":"wall"},{"type":1,"obstacle":"grass"}],[0,0,0,{"type":1,"obstacle":"wall"},0,{"type":1,"obstacle":"grass"},0],[{"type":1,"obstacle":"tree"},0,0,0,0,0,0],[0,0,{"type":1,"obstacle":"grass"},0,{"type":1,"obstacle":"wall"},0,{"type":1,"obstacle":"wall"}],[0,0,{"type":1,"obstacle":"tree"},0,0,2,0],[0,{"type":1,"obstacle":"grass"},0,0,0,{"type":1,"obstacle":"tree"},{"type":1,"obstacle":"tree"}]],"metadata":{"size":7,"difficulty":"MEDIUM","attempts":3,"mode":"FREEPLAY","obstacles":{"main":16,"mirrored":16},"generatedAt":"2025-09-06T03:04:56.630Z"}}','{"row":5,"col":1,"mirroredCol":5}',NULL,NULL,1757127896627);
INSERT INTO game_sessions VALUES('cmf7oqv810001vmjh0nqgvifx','cmf7okoqq0000vm86suxker58','Guest','FREEPLAY','EASY',1757128172689,NULL,180,'ABANDONED',1,5,0,100,NULL,NULL,'{"mainMap":[[{"type":1,"obstacle":"grass"},{"type":1,"obstacle":"wall"},0,0,{"type":1,"obstacle":"wall"}],[{"type":1,"obstacle":"wall"},0,0,3,0],[0,0,0,{"type":1,"obstacle":"tree"},{"type":1,"obstacle":"tree"}],[0,2,0,0,0],[0,{"type":1,"obstacle":"wall"},{"type":1,"obstacle":"wall"},0,0]],"mirroredMap":[[{"type":1,"obstacle":"tree"},0,0,{"type":1,"obstacle":"wall"},{"type":1,"obstacle":"grass"}],[0,3,0,0,{"type":1,"obstacle":"wall"}],[{"type":1,"obstacle":"wall"},{"type":1,"obstacle":"grass"},0,0,0],[0,0,0,2,0],[0,0,{"type":1,"obstacle":"grass"},{"type":1,"obstacle":"tree"},0]],"metadata":{"size":5,"difficulty":"EASY","attempts":2,"mode":"FREEPLAY","obstacles":{"main":8,"mirrored":8},"generatedAt":"2025-09-06T03:09:44.386Z"}}','{"row":3,"col":1,"mirroredCol":3}','[]',NULL,1757128172689);
INSERT INTO game_sessions VALUES('cmf7otg610001vmmsfek2cwzj','cmf7okoqq0000vm86suxker58','Guest','FREEPLAY','EASY',1757128293145,NULL,180,'PLAYING',0,8,1,NULL,NULL,NULL,'{"mainMap":[[{"type":1,"obstacle":"wall"},0,0,3,{"type":1,"obstacle":"wall"}],[0,0,{"type":1,"obstacle":"grass"},0,0],[0,0,0,0,0],[{"type":1,"obstacle":"grass"},2,0,0,0],[0,0,{"type":1,"obstacle":"tree"},{"type":1,"obstacle":"grass"},{"type":1,"obstacle":"grass"}]],"mirroredMap":[[{"type":1,"obstacle":"tree"},3,0,0,{"type":1,"obstacle":"tree"}],[0,0,{"type":1,"obstacle":"wall"},0,0],[0,0,0,0,0],[0,0,0,2,{"type":1,"obstacle":"tree"}],[{"type":1,"obstacle":"wall"},{"type":1,"obstacle":"wall"},{"type":1,"obstacle":"grass"},0,0]],"metadata":{"size":5,"difficulty":"EASY","attempts":1,"mode":"FREEPLAY","obstacles":{"main":7,"mirrored":7},"generatedAt":"2025-09-06T03:11:33.147Z"}}','{"row":2,"col":3,"mirroredCol":1}',NULL,NULL,1757128293145);
INSERT INTO game_sessions VALUES('cmf7otynq0003vmms7m1cffqu',NULL,'Test','FREEPLAY','EASY',1757128317110,NULL,180,'PLAYING',1,6,0,100,NULL,NULL,'{"mainMap":[[{"type":1,"obstacle":"wall"},0,0,{"type":1,"obstacle":"tree"},3],[0,{"type":1,"obstacle":"wall"},{"type":1,"obstacle":"tree"},0,0],[0,0,0,0,0],[{"type":1,"obstacle":"wall"},2,0,0,{"type":1,"obstacle":"wall"}],[0,0,0,{"type":1,"obstacle":"wall"},{"type":1,"obstacle":"tree"}]],"mirroredMap":[[3,{"type":1,"obstacle":"tree"},0,0,{"type":1,"obstacle":"tree"}],[0,0,{"type":1,"obstacle":"grass"},{"type":1,"obstacle":"grass"},0],[0,0,0,0,0],[{"type":1,"obstacle":"tree"},0,0,2,{"type":1,"obstacle":"tree"}],[{"type":1,"obstacle":"wall"},{"type":1,"obstacle":"tree"},0,0,0]],"metadata":{"size":5,"difficulty":"EASY","attempts":1,"mode":"FREEPLAY","obstacles":{"main":8,"mirrored":8},"generatedAt":"2025-09-06T03:12:02.765Z"}}','{"row":3,"col":3,"mirroredCol":1}','[]',NULL,1757128317110);
INSERT INTO game_sessions VALUES('cmf7oxcxf0001vmqossg680d1',NULL,'Heylowww','FREEPLAY','EASY',1757128475571,NULL,180,'PLAYING',3,16,0,300,NULL,NULL,'{"mainMap":[[0,0,{"type":1,"obstacle":"wall"},3,0],[0,0,0,0,0],[0,0,{"type":1,"obstacle":"grass"},{"type":1,"obstacle":"wall"},0],[{"type":1,"obstacle":"wall"},2,0,0,0],[{"type":1,"obstacle":"wall"},{"type":1,"obstacle":"wall"},0,{"type":1,"obstacle":"tree"},0]],"mirroredMap":[[0,3,{"type":1,"obstacle":"wall"},0,0],[0,0,0,0,0],[0,{"type":1,"obstacle":"tree"},{"type":1,"obstacle":"wall"},0,0],[0,0,0,2,{"type":1,"obstacle":"tree"}],[0,{"type":1,"obstacle":"wall"},0,{"type":1,"obstacle":"tree"},{"type":1,"obstacle":"tree"}]],"metadata":{"size":5,"difficulty":"EASY","attempts":1,"mode":"FREEPLAY","obstacles":{"main":7,"mirrored":7},"generatedAt":"2025-09-06T03:14:48.550Z"}}','{"row":3,"col":1,"mirroredCol":3}','[]',NULL,1757128475571);
INSERT INTO game_sessions VALUES('cmf7p668l0001vm2zj5uw9tmx',NULL,'Trying Visibility','FREEPLAY','EASY',1757128886804,NULL,180,'PLAYING',3,18,1,300,NULL,NULL,'{"mainMap":[[0,{"type":1,"obstacle":"tree"},{"type":1,"obstacle":"wall"},3,0],[0,0,0,0,0],[0,0,0,{"type":1,"obstacle":"tree"},0],[{"type":1,"obstacle":"wall"},2,0,0,0],[0,0,{"type":1,"obstacle":"wall"},{"type":1,"obstacle":"grass"},0]],"mirroredMap":[[0,3,{"type":1,"obstacle":"wall"},{"type":1,"obstacle":"tree"},0],[0,0,0,0,0],[0,{"type":1,"obstacle":"tree"},0,0,0],[0,0,0,2,{"type":1,"obstacle":"grass"}],[0,{"type":1,"obstacle":"wall"},{"type":1,"obstacle":"wall"},0,0]],"metadata":{"size":5,"difficulty":"EASY","attempts":1,"mode":"FREEPLAY","obstacles":{"main":6,"mirrored":6},"generatedAt":"2025-09-06T03:21:44.048Z"}}','{"row":3,"col":1,"mirroredCol":3}','[]',NULL,1757128886804);
INSERT INTO game_sessions VALUES('cmf7p8se90001vm75seaykuqj',NULL,'Test againn','FREEPLAY','EASY',1757129008833,NULL,180,'PLAYING',8,48,3,800,NULL,NULL,'{"mainMap":[[{"type":1,"obstacle":"grass"},0,0,0,{"type":1,"obstacle":"wall"}],[0,0,0,3,0],[0,{"type":1,"obstacle":"wall"},{"type":1,"obstacle":"wall"},{"type":1,"obstacle":"wall"},{"type":1,"obstacle":"tree"}],[0,2,0,0,0],[0,0,0,{"type":1,"obstacle":"tree"},0]],"mirroredMap":[[{"type":1,"obstacle":"grass"},0,0,0,{"type":1,"obstacle":"wall"}],[0,3,0,0,0],[{"type":1,"obstacle":"grass"},{"type":1,"obstacle":"wall"},{"type":1,"obstacle":"wall"},{"type":1,"obstacle":"wall"},0],[0,0,0,2,0],[0,{"type":1,"obstacle":"tree"},0,0,0]],"metadata":{"size":5,"difficulty":"EASY","attempts":1,"mode":"FREEPLAY","obstacles":{"main":7,"mirrored":7},"generatedAt":"2025-09-06T03:24:01.251Z"}}','{"row":3,"col":1,"mirroredCol":3}','[]',NULL,1757129008833);
INSERT INTO game_sessions VALUES('cmf7p9z8r0003vm75rv62885w','cmf7amknl0000cuzfouuf6qib','Guest','STORY',NULL,1757129064364,1757129064862,NULL,'TIME_UP',0,0,0,NULL,NULL,NULL,'{"mainMap":[[0,0,0,0,0,0,0,0,0],[0,{"type":1,"obstacle":"tree"},0,0,0,0,0,{"type":1,"obstacle":"tree"},0],[0,0,0,0,0,0,0,0,0],[0,0,0,{"type":1,"obstacle":"tree"},0,{"type":1,"obstacle":"grass"},0,0,0],[2,0,0,0,0,0,0,0,3],[0,0,0,{"type":1,"obstacle":"wall"},0,{"type":1,"obstacle":"grass"},0,0,0],[0,0,0,0,0,0,0,0,0],[0,{"type":1,"obstacle":"wall"},0,0,0,0,0,{"type":1,"obstacle":"grass"},0],[0,0,0,0,0,0,0,0,0]],"mirroredMap":[[0,0,0,0,0,0,0,0,0],[0,{"type":1,"obstacle":"tree"},0,0,0,0,0,{"type":1,"obstacle":"grass"},0],[0,0,0,0,0,0,0,0,0],[0,0,0,{"type":1,"obstacle":"tree"},0,{"type":1,"obstacle":"wall"},0,0,0],[3,0,0,0,0,0,0,0,2],[0,0,0,{"type":1,"obstacle":"grass"},0,{"type":1,"obstacle":"wall"},0,0,0],[0,0,0,0,0,0,0,0,0],[0,{"type":1,"obstacle":"grass"},0,0,0,0,0,{"type":1,"obstacle":"grass"},0],[0,0,0,0,0,0,0,0,0]],"metadata":{"size":9,"level":1,"name":"first steps","description":"learn the basics of mirrored movement","targetSteps":8,"targetTime":30,"mode":"STORY"}}','{"row":4,"col":0,"mirroredCol":8}',NULL,1,1757129064364);
INSERT INTO game_sessions VALUES('cmf7pac2t0005vm75w4qet2p3','cmf7amknl0000cuzfouuf6qib','Guest','STORY',NULL,1757129080997,1757129088653,NULL,'COMPLETED',0,10,0,NULL,3,7,'{"mainMap":[[{"type":1,"obstacle":"wall"},{"type":1,"obstacle":"grass"},{"type":1,"obstacle":"grass"},{"type":1,"obstacle":"wall"},3,{"type":1,"obstacle":"tree"},{"type":1,"obstacle":"wall"},{"type":1,"obstacle":"tree"},{"type":1,"obstacle":"wall"}],[{"type":1,"obstacle":"wall"},0,0,0,0,0,0,0,{"type":1,"obstacle":"wall"}],[{"type":1,"obstacle":"wall"},0,{"type":1,"obstacle":"tree"},{"type":1,"obstacle":"tree"},0,{"type":1,"obstacle":"grass"},{"type":1,"obstacle":"wall"},0,{"type":1,"obstacle":"wall"}],[{"type":1,"obstacle":"tree"},0,{"type":1,"obstacle":"tree"},0,0,0,{"type":1,"obstacle":"grass"},0,{"type":1,"obstacle":"wall"}],[{"type":1,"obstacle":"tree"},0,0,0,{"type":1,"obstacle":"tree"},0,0,0,{"type":1,"obstacle":"tree"}],[{"type":1,"obstacle":"grass"},0,{"type":1,"obstacle":"tree"},0,0,0,{"type":1,"obstacle":"wall"},0,{"type":1,"obstacle":"grass"}],[{"type":1,"obstacle":"wall"},0,{"type":1,"obstacle":"wall"},{"type":1,"obstacle":"grass"},0,{"type":1,"obstacle":"grass"},{"type":1,"obstacle":"tree"},0,{"type":1,"obstacle":"tree"}],[{"type":1,"obstacle":"wall"},0,0,0,0,0,0,0,{"type":1,"obstacle":"grass"}],[{"type":1,"obstacle":"tree"},{"type":1,"obstacle":"grass"},{"type":1,"obstacle":"wall"},{"type":1,"obstacle":"grass"},2,{"type":1,"obstacle":"wall"},{"type":1,"obstacle":"tree"},{"type":1,"obstacle":"tree"},{"type":1,"obstacle":"tree"}]],"mirroredMap":[[{"type":1,"obstacle":"grass"},{"type":1,"obstacle":"grass"},{"type":1,"obstacle":"grass"},{"type":1,"obstacle":"grass"},3,{"type":1,"obstacle":"tree"},{"type":1,"obstacle":"wall"},{"type":1,"obstacle":"tree"},{"type":1,"obstacle":"wall"}],[{"type":1,"obstacle":"tree"},0,0,0,0,0,0,0,{"type":1,"obstacle":"grass"}],[{"type":1,"obstacle":"wall"},0,{"type":1,"obstacle":"grass"},{"type":1,"obstacle":"wall"},0,{"type":1,"obstacle":"wall"},{"type":1,"obstacle":"tree"},0,{"type":1,"obstacle":"grass"}],[{"type":1,"obstacle":"wall"},0,{"type":1,"obstacle":"wall"},0,0,0,{"type":1,"obstacle":"tree"},0,{"type":1,"obstacle":"grass"}],[{"type":1,"obstacle":"grass"},0,0,0,{"type":1,"obstacle":"wall"},0,0,0,{"type":1,"obstacle":"tree"}],[{"type":1,"obstacle":"grass"},0,{"type":1,"obstacle":"grass"},0,0,0,{"type":1,"obstacle":"wall"},0,{"type":1,"obstacle":"grass"}],[{"type":1,"obstacle":"wall"},0,{"type":1,"obstacle":"tree"},{"type":1,"obstacle":"tree"},0,{"type":1,"obstacle":"tree"},{"type":1,"obstacle":"wall"},0,{"type":1,"obstacle":"grass"}],[{"type":1,"obstacle":"grass"},0,0,0,0,0,0,0,{"type":1,"obstacle":"tree"}],[{"type":1,"obstacle":"grass"},{"type":1,"obstacle":"tree"},{"type":1,"obstacle":"tree"},{"type":1,"obstacle":"tree"},2,{"type":1,"obstacle":"tree"},{"type":1,"obstacle":"tree"},{"type":1,"obstacle":"wall"},{"type":1,"obstacle":"tree"}]],"metadata":{"size":9,"level":9,"name":"spiral approach","description":"sometimes the longest path is the safest","targetSteps":30,"targetTime":120,"mode":"STORY"}}','{"row":0,"col":4,"mirroredCol":4}',NULL,9,1757129080997);
INSERT INTO game_sessions VALUES('cmf7paj5g0007vm750pkgmssv','cmf7amknl0000cuzfouuf6qib','Guest','STORY',NULL,1757129090164,1757129102079,NULL,'COMPLETED',0,19,5,NULL,3,11,'{"mainMap":[[0,{"type":1,"obstacle":"tree"},0,0,3,0,0,{"type":1,"obstacle":"wall"},0],[{"type":1,"obstacle":"grass"},0,0,{"type":1,"obstacle":"grass"},0,{"type":1,"obstacle":"tree"},0,0,{"type":1,"obstacle":"grass"}],[0,0,{"type":1,"obstacle":"wall"},0,0,0,{"type":1,"obstacle":"grass"},0,0],[0,{"type":1,"obstacle":"grass"},0,0,{"type":1,"obstacle":"wall"},0,0,{"type":1,"obstacle":"wall"},0],[0,0,0,{"type":1,"obstacle":"grass"},0,{"type":1,"obstacle":"grass"},0,0,0],[0,{"type":1,"obstacle":"wall"},0,0,{"type":1,"obstacle":"tree"},0,0,{"type":1,"obstacle":"tree"},0],[0,0,{"type":1,"obstacle":"grass"},0,0,0,{"type":1,"obstacle":"grass"},0,0],[{"type":1,"obstacle":"wall"},0,0,{"type":1,"obstacle":"wall"},0,{"type":1,"obstacle":"tree"},0,0,{"type":1,"obstacle":"grass"}],[0,{"type":1,"obstacle":"tree"},0,0,2,0,0,{"type":1,"obstacle":"grass"},0]],"mirroredMap":[[0,{"type":1,"obstacle":"grass"},0,0,3,0,0,{"type":1,"obstacle":"grass"},0],[{"type":1,"obstacle":"wall"},0,0,{"type":1,"obstacle":"tree"},0,{"type":1,"obstacle":"grass"},0,0,{"type":1,"obstacle":"grass"}],[0,0,{"type":1,"obstacle":"wall"},0,0,0,{"type":1,"obstacle":"grass"},0,0],[0,{"type":1,"obstacle":"tree"},0,0,{"type":1,"obstacle":"tree"},0,0,{"type":1,"obstacle":"tree"},0],[0,0,0,{"type":1,"obstacle":"wall"},0,{"type":1,"obstacle":"wall"},0,0,0],[0,{"type":1,"obstacle":"wall"},0,0,{"type":1,"obstacle":"grass"},0,0,{"type":1,"obstacle":"wall"},0],[0,0,{"type":1,"obstacle":"tree"},0,0,0,{"type":1,"obstacle":"wall"},0,0],[{"type":1,"obstacle":"wall"},0,0,{"type":1,"obstacle":"grass"},0,{"type":1,"obstacle":"wall"},0,0,{"type":1,"obstacle":"grass"}],[0,{"type":1,"obstacle":"grass"},0,0,2,0,0,{"type":1,"obstacle":"tree"},0]],"metadata":{"size":9,"level":10,"name":"master of mirrors","description":"prove your mirrored movement mastery","targetSteps":28,"targetTime":115,"mode":"STORY"}}','{"row":0,"col":4,"mirroredCol":4}',NULL,10,1757129090164);
INSERT INTO game_sessions VALUES('cmf7pb0i00009vm75i48on9y0','cmf7amknl0000cuzfouuf6qib','Guest','FREEPLAY','HARD',1757129112649,NULL,180,'PLAYING',8,96,9,1600,NULL,NULL,'{"mainMap":[[{"type":1,"obstacle":"tree"},0,{"type":1,"obstacle":"wall"},0,0,{"type":1,"obstacle":"grass"},{"type":1,"obstacle":"wall"},3,{"type":1,"obstacle":"grass"}],[{"type":1,"obstacle":"tree"},0,{"type":1,"obstacle":"wall"},{"type":1,"obstacle":"wall"},0,{"type":1,"obstacle":"tree"},{"type":1,"obstacle":"grass"},0,0],[{"type":1,"obstacle":"wall"},{"type":1,"obstacle":"grass"},{"type":1,"obstacle":"tree"},0,0,0,0,0,{"type":1,"obstacle":"tree"}],[0,0,0,0,0,{"type":1,"obstacle":"grass"},0,0,0],[0,0,0,{"type":1,"obstacle":"wall"},{"type":1,"obstacle":"wall"},{"type":1,"obstacle":"wall"},{"type":1,"obstacle":"wall"},{"type":1,"obstacle":"wall"},0],[0,{"type":1,"obstacle":"wall"},0,0,0,{"type":1,"obstacle":"grass"},0,0,{"type":1,"obstacle":"grass"}],[{"type":1,"obstacle":"tree"},{"type":1,"obstacle":"grass"},0,0,{"type":1,"obstacle":"tree"},0,{"type":1,"obstacle":"grass"},{"type":1,"obstacle":"wall"},0],[0,0,2,{"type":1,"obstacle":"tree"},0,0,0,0,0],[0,0,0,{"type":1,"obstacle":"grass"},{"type":1,"obstacle":"wall"},{"type":1,"obstacle":"grass"},{"type":1,"obstacle":"grass"},{"type":1,"obstacle":"tree"},0]],"mirroredMap":[[{"type":1,"obstacle":"grass"},3,{"type":1,"obstacle":"tree"},{"type":1,"obstacle":"tree"},0,0,{"type":1,"obstacle":"grass"},0,{"type":1,"obstacle":"wall"}],[0,0,{"type":1,"obstacle":"grass"},{"type":1,"obstacle":"wall"},0,{"type":1,"obstacle":"grass"},{"type":1,"obstacle":"tree"},0,{"type":1,"obstacle":"wall"}],[{"type":1,"obstacle":"tree"},0,0,0,0,0,{"type":1,"obstacle":"tree"},{"type":1,"obstacle":"tree"},{"type":1,"obstacle":"wall"}],[0,0,0,{"type":1,"obstacle":"tree"},0,0,0,0,0],[0,{"type":1,"obstacle":"grass"},{"type":1,"obstacle":"tree"},{"type":1,"obstacle":"grass"},{"type":1,"obstacle":"wall"},{"type":1,"obstacle":"tree"},0,0,0],[{"type":1,"obstacle":"wall"},0,0,{"type":1,"obstacle":"tree"},0,0,0,{"type":1,"obstacle":"grass"},0],[0,{"type":1,"obstacle":"wall"},{"type":1,"obstacle":"grass"},0,{"type":1,"obstacle":"tree"},0,0,{"type":1,"obstacle":"grass"},{"type":1,"obstacle":"tree"}],[0,0,0,0,0,{"type":1,"obstacle":"wall"},2,0,0],[0,{"type":1,"obstacle":"wall"},{"type":1,"obstacle":"wall"},{"type":1,"obstacle":"tree"},{"type":1,"obstacle":"tree"},{"type":1,"obstacle":"tree"},0,0,0]],"metadata":{"size":9,"difficulty":"HARD","attempts":8,"mode":"FREEPLAY","obstacles":{"main":34,"mirrored":34},"generatedAt":"2025-09-06T03:25:58.282Z"}}','{"row":7,"col":2,"mirroredCol":6}','[]',NULL,1757129112649);
INSERT INTO game_sessions VALUES('cmf7pg9wi0001vmmbfofi9noi','cmf7amknl0000cuzfouuf6qib','Guest','STORY',NULL,1757129358114,1757129370775,NULL,'COMPLETED',0,16,2,NULL,3,12,'{"mainMap":[[0,0,0,0,3,0,0,0,0],[0,0,{"type":1,"obstacle":"tree"},{"type":1,"obstacle":"tree"},{"type":1,"obstacle":"grass"},{"type":1,"obstacle":"grass"},{"type":1,"obstacle":"tree"},0,0],[0,0,{"type":1,"obstacle":"tree"},0,0,0,{"type":1,"obstacle":"tree"},0,0],[0,0,{"type":1,"obstacle":"wall"},0,{"type":1,"obstacle":"grass"},0,{"type":1,"obstacle":"tree"},0,0],[0,0,{"type":1,"obstacle":"tree"},0,0,0,{"type":1,"obstacle":"grass"},0,0],[0,0,{"type":1,"obstacle":"tree"},0,{"type":1,"obstacle":"tree"},0,{"type":1,"obstacle":"wall"},0,0],[0,0,{"type":1,"obstacle":"tree"},0,0,0,{"type":1,"obstacle":"tree"},0,0],[0,0,{"type":1,"obstacle":"wall"},{"type":1,"obstacle":"grass"},{"type":1,"obstacle":"grass"},{"type":1,"obstacle":"tree"},{"type":1,"obstacle":"wall"},0,0],[0,0,0,0,2,0,0,0,0]],"mirroredMap":[[0,0,0,0,3,0,0,0,0],[0,0,{"type":1,"obstacle":"wall"},{"type":1,"obstacle":"grass"},{"type":1,"obstacle":"tree"},{"type":1,"obstacle":"grass"},{"type":1,"obstacle":"wall"},0,0],[0,0,{"type":1,"obstacle":"wall"},0,0,0,{"type":1,"obstacle":"tree"},0,0],[0,0,{"type":1,"obstacle":"tree"},0,{"type":1,"obstacle":"tree"},0,{"type":1,"obstacle":"tree"},0,0],[0,0,{"type":1,"obstacle":"tree"},0,0,0,{"type":1,"obstacle":"wall"},0,0],[0,0,{"type":1,"obstacle":"tree"},0,{"type":1,"obstacle":"tree"},0,{"type":1,"obstacle":"tree"},0,0],[0,0,{"type":1,"obstacle":"grass"},0,0,0,{"type":1,"obstacle":"grass"},0,0],[0,0,{"type":1,"obstacle":"grass"},{"type":1,"obstacle":"tree"},{"type":1,"obstacle":"grass"},{"type":1,"obstacle":"wall"},{"type":1,"obstacle":"wall"},0,0],[0,0,0,0,2,0,0,0,0]],"metadata":{"size":9,"level":11,"name":"helper introduction","description":"learn to use your first helper tool","targetSteps":15,"targetTime":60,"mode":"STORY"}}','{"row":0,"col":4,"mirroredCol":4}',NULL,11,1757129358114);
CREATE TABLE IF NOT EXISTS "leaderboard_entries" (
    "id" TEXT NOT NULL PRIMARY KEY,
    "userId" TEXT,
    "playerName" TEXT NOT NULL,
    "gameMode" TEXT NOT NULL,
    "difficulty" TEXT,
    "score" INTEGER NOT NULL,
    "puzzlesCompleted" INTEGER,
    "storyLevel" INTEGER,
    "totalSteps" INTEGER NOT NULL,
    "roundsUsed" INTEGER NOT NULL,
    "timeTaken" INTEGER NOT NULL,
    "averageTimePerLevel" REAL,
    "totalLevelsCompleted" INTEGER,
    "achievedAt" DATETIME NOT NULL DEFAULT CURRENT_TIMESTAMP,
    CONSTRAINT "leaderboard_entries_userId_fkey" FOREIGN KEY ("userId") REFERENCES "users" ("id") ON DELETE SET NULL ON UPDATE CASCADE
);
CREATE TABLE IF NOT EXISTS "story_maps" (
    "id" TEXT NOT NULL PRIMARY KEY,
    "level" INTEGER NOT NULL,
    "mapData" JSONB NOT NULL,
    "name" TEXT NOT NULL,
    "description" TEXT,
    "targetSteps" INTEGER,
    "targetTime" INTEGER,
    "requiredLevel" INTEGER NOT NULL DEFAULT 1,
    "isUnlocked" BOOLEAN NOT NULL DEFAULT true,
    "createdAt" DATETIME NOT NULL DEFAULT CURRENT_TIMESTAMP
);
INSERT INTO story_maps VALUES('cmf782fxj0000cuiw9bzasngs',1,'[[0,0,0,0,0,0,0,0,0],[0,1,0,0,0,0,0,1,0],[0,0,0,0,0,0,0,0,0],[0,0,0,1,0,1,0,0,0],[2,0,0,0,0,0,0,0,3],[0,0,0,1,0,1,0,0,0],[0,0,0,0,0,0,0,0,0],[0,1,0,0,0,0,0,1,0],[0,0,0,0,0,0,0,0,0]]','first steps','learn the basics of mirrored movement',8,30,1,1,1757100159269);
INSERT INTO story_maps VALUES('cmf782fy80001cuiwzl8ykrpx',2,'[[0,0,0,0,0,0,0,0,0],[0,1,0,0,0,0,0,1,0],[0,0,0,1,0,1,0,0,0],[0,0,0,0,0,0,0,0,0],[2,0,1,0,0,0,1,0,3],[0,0,0,0,0,0,0,0,0],[0,0,0,1,0,1,0,0,0],[0,1,0,0,0,0,0,1,0],[0,0,0,0,0,0,0,0,0]]','mirror dance','navigate around obstacles with movement only',12,45,1,1,1757100159297);
INSERT INTO story_maps VALUES('cmf782fyo0002cuiwwxa3xzk4',3,'[[0,1,0,0,0,0,0,1,0],[0,0,0,0,0,0,0,0,0],[0,1,1,0,0,0,1,1,0],[0,0,0,0,1,0,0,0,0],[2,0,1,0,0,0,1,0,3],[0,0,0,0,1,0,0,0,0],[0,1,1,0,0,0,1,1,0],[0,0,0,0,0,0,0,0,0],[0,1,0,0,0,0,0,1,0]]','winding paths','find the route that works for both grids',16,60,1,1,1757100159313);
INSERT INTO story_maps VALUES('cmf782fz40003cuiw37230z10',4,'[[1,0,0,0,3,0,0,0,1],[0,0,1,0,0,0,1,0,0],[0,0,0,0,1,0,0,0,0],[1,0,1,0,0,0,1,0,1],[0,0,0,0,0,0,0,0,0],[1,0,1,0,0,0,1,0,1],[0,0,0,0,1,0,0,0,0],[0,0,1,0,0,0,1,0,0],[1,0,0,0,2,0,0,0,1]]','strategic thinking','plan your route carefully',18,75,1,1,1757100159329);
INSERT INTO story_maps VALUES('cmf782fzk0004cuiwcdt0vrqa',5,'[[0,0,1,0,3,0,1,0,0],[0,0,0,0,0,0,0,0,0],[1,0,0,1,0,1,0,0,1],[0,0,0,0,0,0,0,0,0],[0,1,0,0,0,0,0,1,0],[0,0,0,0,0,0,0,0,0],[1,0,0,1,0,1,0,0,1],[0,0,0,0,0,0,0,0,0],[0,0,1,0,2,0,1,0,0]]','precision challenge','master movement without helpers for best score',20,90,1,1,1757100159345);
INSERT INTO story_maps VALUES('cmf782g010005cuiw1be8mivi',6,'[[3,0,1,0,0,0,1,0,0],[0,0,0,0,1,0,0,0,1],[1,0,0,0,0,0,0,0,0],[0,0,1,0,0,0,1,0,0],[0,1,0,0,0,0,0,1,0],[0,0,1,0,0,0,1,0,0],[1,0,0,0,0,0,0,0,0],[0,0,0,0,1,0,0,0,1],[0,0,1,0,0,0,1,0,2]]','corner navigation','use corners to your advantage',24,100,1,1,1757100159361);
INSERT INTO story_maps VALUES('cmf782g0j0006cuiwkq2lolam',7,'[[0,1,0,1,3,1,0,1,0],[0,0,0,0,0,0,0,0,0],[1,0,1,1,0,1,1,0,1],[0,0,0,0,0,0,0,0,0],[0,1,0,1,0,1,0,1,0],[0,0,0,0,0,0,0,0,0],[1,0,1,1,0,1,1,0,1],[0,0,0,0,0,0,0,0,0],[0,1,0,1,2,1,0,1,0]]','maze runner','find the path through the maze',22,95,1,1,1757100159379);
INSERT INTO story_maps VALUES('cmf782g100007cuiwle6k72ol',8,'[[0,0,0,1,3,1,0,0,0],[0,0,1,0,0,0,1,0,0],[0,1,0,0,0,0,0,1,0],[1,0,0,0,1,0,0,0,1],[0,0,0,1,0,1,0,0,0],[1,0,0,0,1,0,0,0,1],[0,1,0,0,0,0,0,1,0],[0,0,1,0,0,0,1,0,0],[0,0,0,1,2,1,0,0,0]]','diagonal challenge','think diagonally but move orthogonally',26,110,1,1,1757100159396);
INSERT INTO story_maps VALUES('cmf782g1g0008cuiwvsekwabo',9,'[[1,1,1,1,3,1,1,1,1],[1,0,0,0,0,0,0,0,1],[1,0,1,1,0,1,1,0,1],[1,0,1,0,0,0,1,0,1],[1,0,0,0,1,0,0,0,1],[1,0,1,0,0,0,1,0,1],[1,0,1,1,0,1,1,0,1],[1,0,0,0,0,0,0,0,1],[1,1,1,1,2,1,1,1,1]]','spiral approach','sometimes the longest path is the safest',30,120,1,1,1757100159413);
INSERT INTO story_maps VALUES('cmf782g1y0009cuiwj5f1ifqt',10,'[[0,1,0,0,3,0,0,1,0],[1,0,0,1,0,1,0,0,1],[0,0,1,0,0,0,1,0,0],[0,1,0,0,1,0,0,1,0],[0,0,0,1,0,1,0,0,0],[0,1,0,0,1,0,0,1,0],[0,0,1,0,0,0,1,0,0],[1,0,0,1,0,1,0,0,1],[0,1,0,0,2,0,0,1,0]]','master of mirrors','prove your mirrored movement mastery',28,115,1,1,1757100159431);
INSERT INTO story_maps VALUES('cmf782g2g000acuiwf12vks7r',11,'[[0,0,0,0,3,0,0,0,0],[0,0,1,1,1,1,1,0,0],[0,0,1,0,0,0,1,0,0],[0,0,1,0,1,0,1,0,0],[0,0,1,0,0,0,1,0,0],[0,0,1,0,1,0,1,0,0],[0,0,1,0,0,0,1,0,0],[0,0,1,1,1,1,1,0,0],[0,0,0,0,2,0,0,0,0]]','helper introduction','learn to use your first helper tool',15,60,1,1,1757100159449);
INSERT INTO story_maps VALUES('cmf782g2y000bcuiwo3yc5jql',12,'[[0,1,0,1,3,1,0,1,0],[0,0,0,0,1,0,0,0,0],[1,0,1,0,1,0,1,0,1],[0,0,0,0,1,0,0,0,0],[1,1,1,1,1,1,1,1,1],[0,0,0,0,1,0,0,0,0],[1,0,1,0,1,0,1,0,1],[0,0,0,0,1,0,0,0,0],[0,1,0,1,2,1,0,1,0]]','tool selection','choose the right helper for the job',18,75,1,1,1757100159467);
INSERT INTO story_maps VALUES('cmf782g3f000ccuiwfkn3i3if',13,'[[1,1,1,0,3,0,1,1,1],[1,0,0,0,0,0,0,0,1],[1,0,1,1,1,1,1,0,1],[1,0,1,0,0,0,1,0,1],[1,0,1,0,1,0,1,0,1],[1,0,1,0,0,0,1,0,1],[1,0,1,1,1,1,1,0,1],[1,0,0,0,0,0,0,0,1],[1,1,1,0,2,0,1,1,1]]','efficient clearing','use helpers strategically to save steps',25,90,1,1,1757100159483);
INSERT INTO story_maps VALUES('cmf782g3w000dcuiwkn64r01b',14,'[[0,0,1,0,3,0,1,0,0],[0,1,1,1,0,1,1,1,0],[1,1,0,0,0,0,0,1,1],[0,1,0,1,1,1,0,1,0],[0,0,0,1,1,1,0,0,0],[0,1,0,1,1,1,0,1,0],[1,1,0,0,0,0,0,1,1],[0,1,1,1,0,1,1,1,0],[0,0,1,0,2,0,1,0,0]]','mirrored obstacles','clear obstacles on both grids simultaneously',22,85,1,1,1757100159501);
INSERT INTO story_maps VALUES('cmf782g4e000ecuiwi5nvrb8k',15,'[[1,0,1,0,3,0,1,0,1],[0,0,0,0,1,0,0,0,0],[1,0,1,1,1,1,1,0,1],[0,0,1,0,0,0,1,0,0],[1,1,1,0,1,0,1,1,1],[0,0,1,0,0,0,1,0,0],[1,0,1,1,1,1,1,0,1],[0,0,0,0,1,0,0,0,0],[1,0,1,0,2,0,1,0,1]]','timing is key','speed and precision required',20,70,1,1,1757100159518);
INSERT INTO story_maps VALUES('cmf782g4w000fcuiwqx6v2w45',16,'[[0,1,0,1,3,1,0,1,0],[1,0,1,0,0,0,1,0,1],[0,1,0,1,0,1,0,1,0],[1,0,1,0,1,0,1,0,1],[0,0,0,1,0,1,0,0,0],[1,0,1,0,1,0,1,0,1],[0,1,0,1,0,1,0,1,0],[1,0,1,0,0,0,1,0,1],[0,1,0,1,2,1,0,1,0]]','checkpoint charlie','halfway through your mirror mastery',32,120,1,1,1757100159537);
INSERT INTO story_maps VALUES('cmf782g5c000gcuiw3e1nb79b',17,'[[1,1,1,0,3,0,1,1,1],[1,0,1,0,0,0,1,0,1],[1,0,1,0,1,0,1,0,1],[1,0,0,0,1,0,0,0,1],[1,0,1,1,1,1,1,0,1],[1,0,0,0,1,0,0,0,1],[1,0,1,0,1,0,1,0,1],[1,0,1,0,0,0,1,0,1],[1,1,1,0,2,0,1,1,1]]','narrow passages','navigate through tight spaces',28,105,1,1,1757100159553);
INSERT INTO story_maps VALUES('cmf782g5s000hcuiw0xvw4x21',18,'[[0,1,1,1,3,1,1,1,0],[1,0,0,0,0,0,0,0,1],[1,0,1,0,1,0,1,0,1],[1,0,0,1,0,1,0,0,1],[1,0,1,0,1,0,1,0,1],[1,0,0,1,0,1,0,0,1],[1,0,1,0,1,0,1,0,1],[1,0,0,0,0,0,0,0,1],[0,1,1,1,2,1,1,1,0]]','double trouble','complex mirrored movements required',30,110,1,1,1757100159569);
INSERT INTO story_maps VALUES('cmf782g6a000icuiwdmibly1y',19,'[[1,1,1,1,3,1,1,1,1],[1,0,0,0,1,0,0,0,1],[1,0,1,0,1,0,1,0,1],[1,0,1,0,1,0,1,0,1],[1,1,1,0,1,0,1,1,1],[1,0,1,0,1,0,1,0,1],[1,0,1,0,1,0,1,0,1],[1,0,0,0,1,0,0,0,1],[1,1,1,1,2,1,1,1,1]]','helper conservation','use your tools wisely - you will need them',35,140,1,1,1757100159586);
INSERT INTO story_maps VALUES('cmf782g6q000jcuiwbnpz2aq6',20,'[[1,0,1,0,3,0,1,0,1],[0,1,0,1,1,1,0,1,0],[1,0,1,0,1,0,1,0,1],[0,1,0,1,0,1,0,1,0],[1,1,1,0,1,0,1,1,1],[0,1,0,1,0,1,0,1,0],[1,0,1,0,1,0,1,0,1],[0,1,0,1,1,1,0,1,0],[1,0,1,0,2,0,1,0,1]]','the gauntlet returns','enhanced version of an earlier challenge',34,130,1,1,1757100159603);
INSERT INTO story_maps VALUES('cmf782g77000kcuiwas3pe84x',21,'[[0,1,0,0,3,0,0,1,0],[1,1,1,0,1,0,1,1,1],[0,0,0,0,1,0,0,0,0],[1,1,1,1,1,1,1,1,1],[0,0,0,0,1,0,0,0,0],[1,1,1,1,1,1,1,1,1],[0,0,0,0,1,0,0,0,0],[1,1,1,0,1,0,1,1,1],[0,1,0,0,2,0,0,1,0]]','advanced tactics','combine movement and helpers flawlessly',38,150,1,1,1757100159620);
INSERT INTO story_maps VALUES('cmf782g7p000lcuiwz56dew4x',22,'[[1,0,1,0,3,0,1,0,1],[0,1,0,1,0,1,0,1,0],[1,0,1,0,1,0,1,0,1],[0,1,0,1,0,1,0,1,0],[1,0,1,0,1,0,1,0,1],[0,1,0,1,0,1,0,1,0],[1,0,1,0,1,0,1,0,1],[0,1,0,1,0,1,0,1,0],[1,0,1,0,2,0,1,0,1]]','symmetrical chaos','perfect balance between both grids',36,135,1,1,1757100159637);
INSERT INTO story_maps VALUES('cmf782g86000mcuiwalpeyrno',23,'[[0,0,1,1,3,1,1,0,0],[0,1,0,0,1,0,0,1,0],[1,0,0,1,1,1,0,0,1],[1,0,1,0,1,0,1,0,1],[1,1,1,1,1,1,1,1,1],[1,0,1,0,1,0,1,0,1],[1,0,0,1,1,1,0,0,1],[0,1,0,0,1,0,0,1,0],[0,0,1,1,2,1,1,0,0]]','patience and planning','think several moves ahead',42,160,1,1,1757100159654);
INSERT INTO story_maps VALUES('cmf782g8n000ncuiwermlfha5',24,'[[3,1,1,1,1,1,1,1,1],[0,0,0,0,0,0,0,0,1],[1,1,1,1,1,1,1,0,1],[1,0,0,0,0,0,0,0,1],[1,0,1,1,1,1,1,1,1],[1,0,0,0,0,0,0,0,0],[1,1,1,1,1,1,1,0,1],[1,0,0,0,0,0,0,0,1],[1,1,1,1,1,1,1,1,2]]','the long road','sometimes the journey matters more than speed',45,180,1,1,1757100159672);
INSERT INTO story_maps VALUES('cmf782g94000ocuiwp63r80xc',25,'[[1,0,1,0,3,0,1,0,1],[0,0,0,1,1,1,0,0,0],[1,0,1,0,1,0,1,0,1],[0,1,0,1,0,1,0,1,0],[1,1,1,0,1,0,1,1,1],[0,1,0,1,0,1,0,1,0],[1,0,1,0,1,0,1,0,1],[0,0,0,1,1,1,0,0,0],[1,0,1,0,2,0,1,0,1]]','master class','demonstrate your complete understanding',40,155,1,1,1757100159689);
INSERT INTO story_maps VALUES('cmf782g9m000pcuiwilku5vry',26,'[[1,1,0,1,3,1,0,1,1],[1,0,0,0,1,0,0,0,1],[0,0,1,0,1,0,1,0,0],[1,0,0,1,0,1,0,0,1],[1,1,1,0,1,0,1,1,1],[1,0,0,1,0,1,0,0,1],[0,0,1,0,1,0,1,0,0],[1,0,0,0,1,0,0,0,1],[1,1,0,1,2,1,0,1,1]]','approaching mastery','few can reach this level of skill',38,145,1,1,1757100159706);
INSERT INTO story_maps VALUES('cmf782ga1000qcuiweywh5oll',27,'[[0,1,1,1,3,1,1,1,0],[1,0,0,0,1,0,0,0,1],[1,0,1,0,1,0,1,0,1],[1,0,0,1,1,1,0,0,1],[1,1,1,1,1,1,1,1,1],[1,0,0,1,1,1,0,0,1],[1,0,1,0,1,0,1,0,1],[1,0,0,0,1,0,0,0,1],[0,1,1,1,2,1,1,1,0]]','penultimate puzzle','almost at the summit of mirror mastery',44,170,1,1,1757100159722);
INSERT INTO story_maps VALUES('cmf782gaj000rcuiw0i5wbfuc',28,'[[1,1,1,0,3,0,1,1,1],[1,0,0,0,1,0,0,0,1],[1,0,1,1,1,1,1,0,1],[0,0,1,0,0,0,1,0,0],[0,1,1,0,1,0,1,1,0],[0,0,1,0,0,0,1,0,0],[1,0,1,1,1,1,1,0,1],[1,0,0,0,1,0,0,0,1],[1,1,1,0,2,0,1,1,1]]','the final approach','one step away from legendary status',46,175,1,1,1757100159739);
INSERT INTO story_maps VALUES('cmf782gaz000scuiw9ldtv652',29,'[[1,0,1,1,3,1,1,0,1],[0,0,0,1,1,1,0,0,0],[1,0,1,0,1,0,1,0,1],[1,1,0,1,0,1,0,1,1],[1,1,1,0,1,0,1,1,1],[1,1,0,1,0,1,0,1,1],[1,0,1,0,1,0,1,0,1],[0,0,0,1,1,1,0,0,0],[1,0,1,1,2,1,1,0,1]]','legendary challenge','prove you are truly a master of mirrors',48,180,1,1,1757100159756);
INSERT INTO story_maps VALUES('cmf782gbh000tcuiwr2bhzc6w',30,'[[1,1,1,1,3,1,1,1,1],[1,0,0,0,1,0,0,0,1],[1,0,1,0,1,0,1,0,1],[1,0,1,1,1,1,1,0,1],[1,1,1,0,1,0,1,1,1],[1,0,1,1,1,1,1,0,1],[1,0,1,0,1,0,1,0,1],[1,0,0,0,1,0,0,0,1],[1,1,1,1,2,1,1,1,1]]','mirror master supreme','the ultimate test - you have become legend',50,200,1,1,1757100159773);
CREATE UNIQUE INDEX "users_email_key" ON "users"("email");
CREATE UNIQUE INDEX "users_username_key" ON "users"("username");
CREATE INDEX "game_sessions_userId_status_idx" ON "game_sessions"("userId", "status");
CREATE INDEX "leaderboard_entries_gameMode_score_idx" ON "leaderboard_entries"("gameMode", "score");
CREATE INDEX "leaderboard_entries_gameMode_averageTimePerLevel_idx" ON "leaderboard_entries"("gameMode", "averageTimePerLevel");
CREATE UNIQUE INDEX "story_maps_level_key" ON "story_maps"("level");
COMMIT;
